Product,City,Product Revenue,Normalization
Google Glass Bottle,London,854.82,10
(other),(other),648.94,7.591539739
Learning Thermostat 3rd Gen-USA - Stainless Steel,San Francisco,461.68,5.400903114
Mini Android Collectible Figure - Series 7,North Laurel,302.09,3.533960366
Google Tee White,New York,286.15,3.34748836
Google Zip Hoodie F/C,New York,278.82,3.261739314
Google 24 oz Ring Bottle Red,Denver,270.73,3.167099506
Google 24oz Ring Bottle Blue,Denver,270.73,3.167099506
Google Bike Mini Backpack,New York,247.88,2.899791769
Google Incognito Messenger Bag,New York,232.37,2.718350062
Google Incognito Flap Pack,San Ramon,232.36,2.718233078
Google Light Pen Yellow,Maryland Heights,231.61,2.709459301
Google Pullover Hoodie Grey,West New York,223.05,2.609321261
Google Canteen Bottle Black,Chicago,223,2.608736342
Google Sherpa Zip Hoodie Charcoal,Anaheim,213.8,2.501111345
Google Unisex Eco Tee Black,New York,204.41,2.391263658
Google Clear Framed Yellow Shades,London,201,2.351372219
Android Iconic Backpack,New York,193.66,2.265506188
Google Clear Framed Blue Shades,Denver,193.27,2.260943824
Google Clear Framed Yellow Shades,Denver,193.27,2.260943824
Google Utility BackPack,Mexico City,185.91,2.174843827
Google Utility BackPack,Millbrae,185.9,2.174726843
Google Utility BackPack,Milpitas,185.9,2.174726843
Google Utility BackPack,San Francisco,185.9,2.174726843
Google Utility BackPack,Ringgold,185.9,2.174726843
Google Utility BackPack,Houston,185.9,2.174726843
Google Zip Hoodie F/C,West New York,185.88,2.174492876
Android Large Removable Sticker Sheet,San Bernardino,185.29,2.167590838
Cam Outdoor Security Camera - USA,New York,184.36,2.156711354
Google F/C Longsleeve Ash,New York,179.65,2.101612035
Google Stylus Pen w/ LED Light,San Jose,170.42,1.993636087
Google Twill Cap Charcoal,New York,161.08,1.884373318
Android Moffet Jacket,Sao Paulo,154.93,1.812428347
Google F/C Longsleeve Charcoal,Austin,145.61,1.703399546
Google Chrome Dinosaur Collectible,Los Angeles,139.43,1.631103624
Android SM S/F18 Sticker Sheet,San Bernardino,138.97,1.625722374
Android Small Removable Sticker Sheet,San Bernardino,138.97,1.625722374
Google Sport Socks,Socastee,138.81,1.623850635
Google Women's Tech Fleece Grey,Cambridge,137.88,1.612971152
Google Unisex Pride Eco-Tee Black,Newark,136.33,1.594838679
Google Men's Discovery Lt. Rain Shell,Hayward,136.32,1.594721696
Google Men's Discovery Lt. Rain Shell,Charlotte,136.32,1.594721696
Google Men's Discovery Lt. Rain Shell,New York,136.32,1.594721696
Google Men's Techie Fleece,Minneapolis,136.32,1.594721696
Google Women's Discovery Lt. Rain Shell,Houston,136.32,1.594721696
Google Tee F/C Black,Houston,136.27,1.594136777
Google Pullover Hoodie Grey,Austin,130.11,1.522074823
Google Campus Bike Mini Backpack,New York,123.94,1.449895885
Google Crew Socks,New York,123.94,1.449895885
Google Campus Bike,Los Altos,123.91,1.449544933
YouTube Pen 2-Pack,Honolulu,123.63,1.44626939
YouTube Small Sticker Sheet,Honolulu,120.53,1.410004445
Google Incognito Zip Pack,Charlottesville,116.19,1.359233523
Google Mens Microfleece Jacket Black,Saskatoon,116.19,1.359233523
Google Mens Microfleece Jacket Black,Mexico City,116.19,1.359233523
Google Mens Microfleece Jacket Black,Laguna Niguel,116.19,1.359233523
Google Incognito Flap Pack,Novi,116.18,1.359116539
Google Incognito Messenger Bag,San Ramon,116.18,1.359116539
Google Incognito Zip Pack,Nashville,116.18,1.359116539
Google Mens Microfleece Jacket Black,Hayward,116.18,1.359116539
Google Mens Microfleece Jacket Black,San Francisco,116.18,1.359116539
Google Campus Bike Eco Tee Navy,New York,116.16,1.358882572
Google Women's Ringer Tee,Millersville,116.15,1.358765588
Google Women's Techie Fleece,San Francisco,109.05,1.275707166
Google Sunglasses,Woodbine,108.45,1.268688145
Google 24 oz Ring Bottle Red,Rockville,108.29,1.266816406
Google 24oz Ring Bottle Blue,Rockville,108.29,1.266816406
Campus Corkbase Mug Blue,Breezy Point,105.29,1.231721298
YouTube Tee Black,New York,102.25,1.196158256
Google Tee F/C Black,New York,102.22,1.195807304
Google Tee F/C Black,Los Angeles,102.2,1.195573337
Google Women's Tee F/C Black,New Rochelle,102.2,1.195573337
Google Women's Tee F/C Black,Houston,102.2,1.195573337
YouTube Twill Sandwich Cap Black,New York,100.64,1.177323881
Google Camp Mug Ivory,Portland,100.62,1.177089914
Google Twill Cap Charcoal,Mountain View,100.62,1.177089914
Google Men's Outpost Vest,San Francisco,99.14,1.159776327
YouTube Crew Socks,New York,99.09,1.159191409
Google Men's Kirkland Pullover,Denver,97.6,1.141760839
Google Men's Kirkland Pullover,Minneapolis,97.59,1.141643855
Google Men's Kirkland Pullover,Fairfax,97.59,1.141643855
Google Women's Grid Zip-Up,Burbank,97.59,1.141643855
Google Women's Grid Zip-Up,San Jose,97.59,1.141643855
Google Light Pen Yellow,Anaheim,92.96,1.087480405
Google Red Speckled Tee,Sunnyvale,92.96,1.087480405
Google Zip Hoodie F/C,Louisville,92.96,1.087480405
Google Zip Hoodie F/C,Syracuse,92.96,1.087480405
Google Zip Hoodie F/C,Shelburne,92.96,1.087480405
Google Zip Hoodie F/C,Farmers Branch,92.96,1.087480405
YouTube Standards Zip Hoodie Black,Winnipeg,92.96,1.087480405
YouTube Standards Zip Hoodie Black,Pinckney,92.96,1.087480405
YouTube Standards Zip Hoodie Black,Jersey City,92.96,1.087480405
YouTube Standards Zip Hoodie Black,Las Vegas,92.96,1.087480405
YouTube Standards Zip Hoodie Black,Getzville,92.96,1.087480405
Google Zip Hoodie F/C,London,92.94,1.087246438
Google Zip Hoodie F/C,Irvine,92.94,1.087246438
Google Zip Hoodie F/C,La Canada Flintridge,92.94,1.087246438
Google Zip Hoodie F/C,Los Angeles,92.94,1.087246438
Google Zip Hoodie F/C,Elgin,92.94,1.087246438
Google Zip Hoodie F/C,Basehor,92.94,1.087246438
Google Zip Hoodie F/C,Omaha,92.94,1.087246438
YouTube Standards Zip Hoodie Black,Kahului,92.94,1.087246438
Google Flat Front Bag Grey,San Jose,92.92,1.08701247
YouTube Pen 2-Pack,Santa Clara,92.72,1.084672797
Unisex Google Jumbo Print Tee White,Millersville,89.86,1.051215461
Google F/C Longsleeve Ash,Austin,89.83,1.050864509
Google Sport Socks Summer 18,London,86.7,1.014248614
Google Crewneck Sweatshirt Grey,Mexico City,85.21,0.996818044
Google Crewneck Sweatshirt Grey,San Jose,85.21,0.996818044
Google Crewneck Sweatshirt Grey,Sunnyvale,85.21,0.996818044
Google Shoreline Tonal Crew Maroon,Redmond,85.19,0.996584076
YouTube 25 oz Gear Cap Bottle Black,London,83.63,0.97833462
Google Crewneck Sweatshirt Navy,San Francisco,80.56,0.942420627
Google Crewneck Sweatshirt Navy,New York,80.56,0.942420627
Google Twill Cap Charcoal,Newport Beach,80.56,0.942420627
Google Twill Cap Charcoal,Oakland,80.56,0.942420627
Google Crewneck Sweatshirt Grey,Santa Clara,80.55,0.942303643
Google Crewneck Sweatshirt Grey,Mount Laurel Township,80.55,0.942303643
Google Crewneck Sweatshirt Navy,Mount Laurel Township,80.55,0.942303643
Google Hub Mug White,Chicago,80.5,0.941718724
Android Moffet Jacket,Alameda,77.46,0.906155682
Google Infant Charcoal Onesie,Sunnyvale,77.46,0.906155682
Google Campus Bike Eco Tee Navy,Austin,77.45,0.906038698
Google Campus Bike Eco Tee Navy,Los Altos,77.43,0.905804731
Google Tee Mint Green,Pittsburgh,77.43,0.905804731
Google Youth FC Tee Charcoal,Breezy Point,77.43,0.905804731
Google Pullover Hoodie Grey,Seattle,74.35,0.869773754
Google Zip Hoodie Black,Elgin,74.35,0.869773754
Google Zip Hoodie Black,West New York,74.35,0.869773754
YouTube Icon Pullover Black,Seattle,74.35,0.869773754
Google Thermal Bottle White,Elgin,74.33,0.869539786
Noogler Android Figure 2019,San Francisco,74.32,0.869422802
Google Tee White,Houston,71.53,0.836784352
Google Sunglasses,New York,70.49,0.824618048
7in Dog Frisbee,Rockville,69.72,0.815610304
Android Ugly Sweater,San Bernardino,69.72,0.815610304
Google Tonal Tee Coral,Virginia Beach,68.17,0.797477832
Google Unisex Eco Tee Black,Hayward,68.17,0.797477832
Google Unisex Eco Tee Black,San Francisco,68.17,0.797477832
Google Women's Techie Fleece,Charlotte,68.17,0.797477832
Google Women's Techie Fleece,Hurst,68.17,0.797477832
Google Women's Tee F/C Black,Las Vegas,68.17,0.797477832
YouTube Icon Tee Charcoal,Hayward,68.17,0.797477832
YouTube Tee Black,Honolulu,68.17,0.797477832
Google Unisex Eco Tee Black,Houston,68.15,0.797243864
YouTube Tee Black,San Jose,68.15,0.797243864
Google Bike Tee Navy,Los Angeles,68.14,0.797126881
Google Black Tee,Atlanta,68.14,0.797126881
Google Tee White,Indianapolis,68.14,0.797126881
Google Tee White,Norwood,68.14,0.797126881
Google Women's Tee F/C Black,Breezy Point,68.14,0.797126881
Google Twill Cap,Riverside,68.11,0.796775929
Google Zip Hoodie Black,San Diego,65.07,0.761212887
Google Zip Hoodie Black,Noblesville,65.07,0.761212887
Google Pullover Hoodie Grey,Irvine,65.05,0.76097892
Google Pullover Hoodie Grey,Oakland,65.05,0.76097892
Google Pullover Hoodie Grey,Minneapolis,65.05,0.76097892
Google Pullover Hoodie Grey,San Antonio,65.05,0.76097892
Google Zip Hoodie Black,Burlingame,65.05,0.76097892
Google Zip Hoodie Black,Palo Alto,65.05,0.76097892
Google Zip Hoodie Black,Sunnyvale,65.05,0.76097892
Google Zip Hoodie Black,Fort Lauderdale,65.05,0.76097892
Google Zip Hoodie Black,Kahului,65.05,0.76097892
Google Metallic Notebook Set,San Diego,64.96,0.759926066
Google Adventure Bottle Black,Campbell,61.97,0.724947942
Google Adventure Bottle Black,The Woodlands,61.97,0.724947942
Google Campus Bike,Barcelona,61.97,0.724947942
Google Campus Bike,Palmdale,61.97,0.724947942
Google Campus Bike,San Leandro,61.97,0.724947942
Google Campus Bike,New York,61.97,0.724947942
Google Campus Bike Mini Backpack,Tracy,61.97,0.724947942
Google Campus Bike Mini Backpack,Rensselaer,61.97,0.724947942
Google Inverted Umbrella,San Leandro,61.97,0.724947942
Google Adventure Bottle Black,Hallandale Beach,61.95,0.724713975
Google Adventure Bottle Black,Camp Hill,61.95,0.724713975
Google Adventure Bottle Black,Blacksburg,61.95,0.724713975
Google Campus Bike,Palo Alto,61.95,0.724713975
Google Campus Bike,Santa Clara,61.95,0.724713975
Google Campus Bike,Chicago,61.95,0.724713975
Google Campus Bike,Houston,61.95,0.724713975
Google Campus Bike,South Brunswick Township,61.95,0.724713975
Google Dino Game Tee,San Antonio,61.95,0.724713975
Google Dino Game Tee,Seattle,61.95,0.724713975
Google Men's Outpost Vest,Palo Alto,61.95,0.724713975
Google Men's Outpost Vest,San Jose,61.95,0.724713975
Google Men's Outpost Vest,Woodbridge Township,61.95,0.724713975
Google Utility Bag Grey,Oklahoma City,61.91,0.72424604
Windup Android,Swampscott,61.82,0.723193187
Google Mini Kick Ball,Rockville,61.66,0.721321448
YouTube Tee Black,Santa Clara,61.35,0.717694953
Google Hub Mug White,New York,60.37,0.706230551
YouTube Twill Sandwich Cap Black,(not set),60.37,0.706230551
Google Shoreline Tonal Crew Maroon,New York,59.63,0.697573758
Google Shoreline Tonal Crew Maroon,Camp Hill,59.63,0.697573758
Google Shoreline Tonal Crew Olive,New York,59.63,0.697573758
Google Bike Tee Navy,New York,57.91,0.677452563
Google Tee White,Albuquerque,57.91,0.677452563
Google Crewneck Sweatshirt Grey,(not set),56.38,0.659554058
Google Crewneck Sweatshirt Grey,Hartford,56.38,0.659554058
Google Crewneck Sweatshirt Grey,Chicago,56.38,0.659554058
Android Tone Hoodie Black,San Jose,55.77,0.652418053
Windup Android,Oakland,55.63,0.650780281
Google Tonal Tee Coral,Norwood,54.5,0.637561124
Google Tonal Tee Spearmint,Norwood,54.5,0.637561124
Google Toddler FC Zip Hoodie,Newton,54.22,0.634285581
Google Toddler FC Zip Hoodie,Noblesville,54.21,0.634168597
Google 24 oz Ring Bottle Red,Portland,54.15,0.633466695
Google 24oz Ring Bottle Blue,Portland,54.15,0.633466695
Google Leather Strap Hat Red,Los Angeles,52.67,0.616153108
YouTube Leather Strap Hat Black,Plano,52.67,0.616153108
Google F/C Longsleeve Charcoal,Los Angeles,52.66,0.616036125
Google F/C Longsleeve Charcoal,Santa Clara,52.66,0.616036125
Google F/C Longsleeve Charcoal,Chicago,52.66,0.616036125
Google F/C Longsleeve Charcoal,Northbrook,52.66,0.616036125
Google F/C Longsleeve Charcoal,Minneapolis,52.66,0.616036125
Google F/C Longsleeve Charcoal,Parsippany-Troy Hills,52.66,0.616036125
Google F/C Longsleeve Charcoal,Spotswood,52.66,0.616036125
Google F/C Longsleeve Charcoal,New York,52.66,0.616036125
Google F/C Longsleeve Charcoal,Alliance,52.66,0.616036125
Google F/C Longsleeve Charcoal,Portland,52.66,0.616036125
Campus Corkbase Mug Blue,(not set),52.64,0.615802157
Campus Corkbase Mug Blue,Aracatuba,52.64,0.615802157
YouTube Women's Favorite Tee White,Santa Clara,51.13,0.59813762
YouTube Tee Black,San Francisco,51.09,0.597669685
Google Light Pen Yellow,Chicago,50.95,0.596031913
Google Crew Socks,(not set),49.56,0.57977118
Google Leather Strap Hat Black,New York,49.55,0.579654196
YouTube Crew Socks Summer 18,Los Angeles,49.55,0.579654196
Google Sunglasses,Oakville,48.8,0.570880419
Google Tudes Recycled Tee,Anaheim,48.01,0.561638708
Google Tudes Recycled Tee,Pasadena,48.01,0.561638708
Google Tudes Recycled Tee,San Francisco,48.01,0.561638708
Google Tudes Recycled Tee,Apopka,48.01,0.561638708
Google Tudes Recycled Tee,Mount Prospect,48.01,0.561638708
Google Tudes Recycled Tee,New York,48.01,0.561638708
Google Tudes Recycled Tee,Virginia Beach,48.01,0.561638708
Google Tudes Recycled Tee,Roseville,48.01,0.561638708
Google Bike Tee Navy,Wauwatosa,47.69,0.557895229
Google Shoreline Tonal Tee Olive,San Francisco,47.69,0.557895229
Google Tee Grey,San Francisco,47.69,0.557895229
Google Tee Red,(not set),47.69,0.557895229
Google Tee White,San Jose,47.69,0.557895229
Google Tee White,Denver,47.69,0.557895229
Google Tee Yellow,(not set),47.69,0.557895229
Google Tonal Tee Fog,Atlanta,47.69,0.557895229
Google Tonal Tee Spearmint,Sikeston,47.69,0.557895229
Google Women's White Tee,Breezy Point,47.69,0.557895229
YouTube Tee Black,Lovelady,47.69,0.557895229
Android Tone Hoodie Black,Bengaluru,46.48,0.543740203
Android Tone Hoodie Black,San Bernardino,46.48,0.543740203
Android Tone Hoodie Black,South Brunswick Township,46.48,0.543740203
Google Chrome Dinosaur Collectible,Berkeley,46.48,0.543740203
Google Chrome Dinosaur Collectible,Buffalo Grove,46.48,0.543740203
Google Chrome Dinosaur Collectible,Cambridge,46.48,0.543740203
Google Chrome Dinosaur Collectible,Waltham,46.48,0.543740203
Google Chrome Dinosaur Collectible,Albany,46.48,0.543740203
Google Chrome Dinosaur Collectible,New York,46.48,0.543740203
Google Chrome Dinosaur Collectible,Richardson,46.48,0.543740203
Google F/C Longsleeve Ash,Oak Brook,46.48,0.543740203
Google F/C Longsleeve Ash,San Antonio,46.48,0.543740203
Google F/C Longsleeve Charcoal,Atlanta,46.48,0.543740203
Google F/C Longsleeve Charcoal,LaGrange,46.48,0.543740203
Google F/C Longsleeve Charcoal,Cambridge,46.48,0.543740203
Google F/C Longsleeve Charcoal,Newton,46.48,0.543740203
Google F/C Longsleeve Charcoal,Las Vegas,46.48,0.543740203
Google F/C Longsleeve Charcoal,Sumter,46.48,0.543740203
Google Flat Front Bag Grey,San Diego,46.48,0.543740203
Google Flat Front Bag Grey,Essex,46.48,0.543740203
Google Tudes Recycled Tee,Winnipeg,46.48,0.543740203
Google Tudes Recycled Tee,Louisville,46.48,0.543740203
Google Woodtop Bottle Black,Anaheim,46.48,0.543740203
Google Woodtop Bottle Black,Chattanooga,46.48,0.543740203
Google Youth FC Longsleeve Charcoal,(not set),46.48,0.543740203
Google Youth FC Longsleeve Charcoal,Wexford,46.48,0.543740203
Google F/C Longsleeve Ash,(not set),46.46,0.543506235
Google F/C Longsleeve Ash,Los Angeles,46.46,0.543506235
Google Flat Front Bag Grey,Los Angeles,46.46,0.543506235
Google Flat Front Bag Grey,Bolingbrook,46.46,0.543506235
Google Flat Front Bag Grey,Chicago,46.46,0.543506235
Google Flat Front Bag Grey,Detroit,46.46,0.543506235
Google Flat Front Bag Grey,Grand Island,46.46,0.543506235
Google Flat Front Bag Grey,Jersey City,46.46,0.543506235
Google Flat Front Bag Grey,New York,46.46,0.543506235
Google Flat Front Bag Grey,Austin,46.46,0.543506235
Google Flat Front Bag Grey,Euless,46.46,0.543506235
Google Flat Front Bag Grey,Waco,46.46,0.543506235
Google Flat Front Bag Grey,Halton Hills,46.46,0.543506235
Google Unisex 3/4 Raglan Red,Des Moines,46.46,0.543506235
Google Metallic Notebook Set,New York,46.4,0.542804333
Google Small Cable Organizer Blue,Menlo Park,46.32,0.541868464
Flamingo and Friends Tee Blue,Louisville,44.93,0.52560773
Unisex Google Jumbo Print Tee White,(not set),44.93,0.52560773
Unisex Google Jumbo Print Tee White,Clinton,44.93,0.52560773
Unisex Google Pocket Tee Grey,Palo Alto,44.93,0.52560773
Unisex Google Pocket Tee Grey,Atlanta,44.93,0.52560773
Unisex Google Pocket Tee Grey,Garland,44.93,0.52560773
Google F/C Longsleeve Ash,San Diego,44.91,0.525373763
Google F/C Longsleeve Ash,Santa Cruz,44.91,0.525373763
Google F/C Longsleeve Ash,Nashville,44.91,0.525373763
Google F/C Longsleeve Ash,Houston,44.91,0.525373763
Google F/C Longsleeve Ash,Kirkland,44.91,0.525373763
Android Fanatic Bundle,Santa Clara,43.38,0.507475258
Android Sport Socks,Dallas,43.38,0.507475258
Android Super Hero 3D Framed Art,Albany,43.38,0.507475258
Android Techie 3D Framed Art,Rumson,43.38,0.507475258
Google Cork Base Tumbler,The Woodlands,43.38,0.507475258
Android Techie 3D Framed Art,Mountain View,43.36,0.507241291
YouTube Kids Tee White,New York,43.36,0.507241291
Google Campus Bike Bottle,Findlay,41.83,0.489342786
YouTube 25 oz Gear Cap Bottle Black,Memphis,41.83,0.489342786
Android 25 oz Gear Cap Bottle White,Sunnyvale,41.81,0.489108818
YouTube 25 oz Gear Cap Bottle Black,New York,41.81,0.489108818
YouTube 25 oz Gear Cap Bottle Black,Roseville,41.81,0.489108818
Google Light Pen Yellow,Bengaluru,41.69,0.487705014
Google Tonal Tee Coral,Austin,40.88,0.478229335
Google Twill Cap Charcoal,Calgary,40.28,0.471210313
YouTube Play Mug,Santa Rosa,40.28,0.471210313
YouTube Twill Sandwich Cap Black,Dallas,40.28,0.471210313
YouTube Twill Sandwich Cap Black,Villas,40.28,0.471210313
YouTube Wordmark Crew Grey,San Francisco,40.28,0.471210313
YouTube Wordmark Crew Grey,Simi Valley,40.28,0.471210313
YouTube Wordmark Crew Grey,Albuquerque,40.28,0.471210313
YouTube Twill Sandwich Cap Black,Los Angeles,40.27,0.47109333
Android Mug Gray,Koto City,40.25,0.470859362
Google Camp Mug Ivory,Mountain View,40.25,0.470859362
Google Camp Mug Ivory,Chicago,40.25,0.470859362
Google Camp Mug Ivory,Boston,40.25,0.470859362
Google Hub Mug White,San Francisco,40.25,0.470859362
Google Large Tote Canvas,New York,40.25,0.470859362
Google Large Tote Canvas,Houston,40.25,0.470859362
Google Large Tote White,Philadelphia,40.25,0.470859362
YouTube Play Mug,New York,40.25,0.470859362
Google Mini Kick Ball,Los Angeles,40.08,0.468870639
Google Campus Bike Eco Tee Navy,Louisville,38.73,0.453077841
Google Campus Bike Eco Tee Navy,Jefferson Hills,38.73,0.453077841
Google Clear Pen 4-Pack,(not set),38.73,0.453077841
Google Tee Dark Blue,London,38.73,0.453077841
Google Tee Dark Blue,Chicago,38.73,0.453077841
Google Tee Dark Blue,Dallas,38.73,0.453077841
Google Tee Mint Green,London,38.73,0.453077841
Google Tee Mint Green,Peoria,38.73,0.453077841
Google Tee Mint Green,Chicago,38.73,0.453077841
Google Tee Mint Green,Dallas,38.73,0.453077841
Google Tee Mint Green,San Antonio,38.73,0.453077841
Google Toddler FC Tee Charcoal,Hollywood,38.73,0.453077841
Google Toddler FC Tee Charcoal,Jefferson Hills,38.73,0.453077841
Google Women's Ringer Tee,Irvine,38.73,0.453077841
Google Women's Ringer Tee,Long Beach,38.73,0.453077841
Google Women's Ringer Tee,Newport Beach,38.73,0.453077841
Google Women's Ringer Tee,Sunnyvale,38.73,0.453077841
Google Women's Ringer Tee,Arlington,38.73,0.453077841
Youth Jumbo Print Tee White,Montreal,38.73,0.453077841
Android Diamond Tee,Fremont,38.72,0.452960857
Android Dino Buddies Tee Green,Sao Paulo,38.72,0.452960857
Android Dino Buddies Tee Green,Belmont,38.72,0.452960857
Android Dino Buddies Tee Grey,Austin,38.72,0.452960857
Android Dino Buddies Tee Grey,Redmond,38.72,0.452960857
Google Campus Bike Eco Tee Navy,Belmont,38.72,0.452960857
Google Campus Bike Eco Tee Navy,Hartford,38.72,0.452960857
Google Campus Bike Eco Tee Navy,Apopka,38.72,0.452960857
Google Campus Bike Eco Tee Navy,Dallas,38.72,0.452960857
Google Campus Bike Eco Tee Navy,Virginia Beach,38.72,0.452960857
Google Infant Charcoal Onesie,Irvine,38.72,0.452960857
Google Infant Charcoal Onesie,San Jose,38.72,0.452960857
Google Infant Charcoal Onesie,Walnut Creek,38.72,0.452960857
Google Mountain View Tee Blue,New York,38.72,0.452960857
Google Mountain View Tee Blue,Austin,38.72,0.452960857
Google Tee Dark Blue,(not set),38.72,0.452960857
Google Tee Dark Blue,Milpitas,38.72,0.452960857
Google Tee Dark Blue,New York,38.72,0.452960857
Google Tee Dark Blue,Pittsburgh,38.72,0.452960857
Google Tee Dark Blue,Houston,38.72,0.452960857
Google Tee Mint Green,Huntington Beach,38.72,0.452960857
Google Tee Mint Green,Palo Alto,38.72,0.452960857
Google Tee Mint Green,New York,38.72,0.452960857
Google Tee Mint Green,Virginia Beach,38.72,0.452960857
Google Toddler FC Tee Charcoal,Breezy Point,38.72,0.452960857
Google Unisex Ringer Tee,Mobile,38.72,0.452960857
Google Unisex Ringer Tee,Phoenix,38.72,0.452960857
Google Unisex Ringer Tee,Huntington Beach,38.72,0.452960857
Google Unisex Ringer Tee,Chicago,38.72,0.452960857
Google Women's Ringer Tee,New York,38.72,0.452960857
Google Youth FC Tee Charcoal,Dublin,38.72,0.452960857
Google Youth FC Tee Charcoal,Vernon,38.72,0.452960857
Google Youth FC Tee Charcoal,Mount Prospect,38.72,0.452960857
Google Clear Pen 4-Pack,Sikeston,38.65,0.452141971
Google Clear Pen 4-Pack,Matthews,38.65,0.452141971
Android Iconic Bottle Black,Kyle,37.18,0.434945369
Google Campus Bike Carry Pouch,Newton,37.18,0.434945369
Google Thermal Bottle White,Campbell,37.18,0.434945369
Google Thermal Bottle White,Greeley,37.18,0.434945369
Google Thermal Bottle White,Washington,37.18,0.434945369
Google Thermal Bottle White,Syracuse,37.18,0.434945369
Google Youth Badge Tee Navy,Wexford,37.18,0.434945369
YouTube Transmission Bottle Black,Newark,37.18,0.434945369
Google Bike Tee Grey,Portland,37.17,0.434828385
Google Bike Tee Grey,Salem,37.17,0.434828385
Google Canteen Bottle Black,Toronto,37.17,0.434828385
Google Canteen Bottle Black,Oakland,37.17,0.434828385
Google Canteen Bottle Black,Plano,37.17,0.434828385
Google Canteen Bottle Black,Wheaton-Glenmont,37.17,0.434828385
Google Thermal Bottle Blue,Sunnyvale,37.17,0.434828385
Google Thermal Bottle Green,Oakland,37.17,0.434828385
Google Thermal Bottle Red,Parkville,37.17,0.434828385
Google Thermal Bottle Red,Charlotte,37.17,0.434828385
Google Thermal Bottle White,(not set),37.17,0.434828385
Google Thermal Bottle White,Mountain Top,37.17,0.434828385
Google Thermal Bottle White,Dallas,37.17,0.434828385
Google Thermal Bottle White,Seattle,37.17,0.434828385
Google Thermal Bottle White,Minato City,37.17,0.434828385
YouTube Transmission Bottle Black,McLean,37.17,0.434828385
Google See-No Hear-No Set,Los Altos,37.15,0.434594418
Google Magnet,(not set),37.14,0.434477434
YouTube Buoy Bottle,Honolulu,37.14,0.434477434
Google Light Pen Green,Bengaluru,37.06,0.433541564
Google Glass Bottle,Baton Rouge,35.63,0.416812896
Google Glass Bottle,Westerville,35.62,0.416695913
Google Sport Socks,Newport Beach,34.7,0.405933413
Google Tri Pen Black,Aracatuba,34.67,0.405582462
Google Tri Pen Black,Levis,34.67,0.405582462
Google Tri Pen Silver,Aracatuba,34.67,0.405582462
Google Pride Tote Black,Rumson,34.08,0.398680424
Google Tee F/C Black,(not set),34.08,0.398680424
Google Tee F/C Black,Union City,34.08,0.398680424
Google Tee F/C Black,Baton Rouge,34.08,0.398680424
Google Tonal Tee Coral,(not set),34.08,0.398680424
Google Tonal Tee Coral,San Jose,34.08,0.398680424
Google Unisex Eco Tee Black,Tracy,34.08,0.398680424
Google Unisex Eco Tee Black,Greeley,34.08,0.398680424
Google Unisex Eco Tee Black,Riverview,34.08,0.398680424
Google Unisex Eco Tee Black,Bolingbrook,34.08,0.398680424
Google Unisex Eco Tee Black,Potomac,34.08,0.398680424
Google Unisex Eco Tee Black,Nashville,34.08,0.398680424
Google Unisex Eco Tee Black,Dallas,34.08,0.398680424
Google Unisex Pride Eco-Tee Black,Hayward,34.08,0.398680424
Google Unisex Pride Eco-Tee Black,San Jose,34.08,0.398680424
Google Women's Pride Eco-Tee Black,Denver,34.08,0.398680424
Google Women's Tee F/C Black,Chicago,34.08,0.398680424
Google Women's Tee Grey,Moncks Corner,34.08,0.398680424
YouTube Icon Tee Charcoal,Morton Grove,34.08,0.398680424
YouTube Icon Tee Charcoal,Las Vegas,34.08,0.398680424
YouTube Icon Tee Charcoal,Columbus,34.08,0.398680424
YouTube Icon Tee Grey,Irvine,34.08,0.398680424
YouTube Icon Tee Grey,Los Angeles,34.08,0.398680424
YouTube Icon Tee Grey,Atlanta,34.08,0.398680424
YouTube Icon Tee Grey,Woodstock,34.08,0.398680424
YouTube Icon Tee Grey,Pinckney,34.08,0.398680424
YouTube Icon Tee Grey,Villas,34.08,0.398680424
YouTube Tee Black,(not set),34.08,0.398680424
YouTube Tee Black,Irvine,34.08,0.398680424
YouTube Tee Black,Ithaca,34.08,0.398680424
Google Bike Tee Navy,Apopka,34.07,0.39856344
Google Bike Tee Navy,Chicago,34.07,0.39856344
Google Bike Tee Navy,Detroit,34.07,0.39856344
Google Bike Tee Navy,Portland,34.07,0.39856344
Google Bike Tee Navy,Houston,34.07,0.39856344
Google Bike Tee Navy,Nether Providence Township,34.07,0.39856344
Google Black Tee,Los Angeles,34.07,0.39856344
Google Black Tee,San Francisco,34.07,0.39856344
Google Black Tee,Simi Valley,34.07,0.39856344
Google Black Tee,Walnut Creek,34.07,0.39856344
Google Black Tee,Swampscott,34.07,0.39856344
Google Black Tee,Parkville,34.07,0.39856344
Google Black Tee,New York,34.07,0.39856344
Google Black Tee,Kirkland,34.07,0.39856344
Google Black Tee,Redmond,34.07,0.39856344
Google Black Tee,Tumwater,34.07,0.39856344
Google Tee Blue,Sunnyvale,34.07,0.39856344
Google Tee Blue,Waltham,34.07,0.39856344
Google Tee Blue,New York,34.07,0.39856344
Google Tee Blue,Georgetown,34.07,0.39856344
Google Tee F/C Black,London,34.07,0.39856344
Google Tee F/C Black,Tucson,34.07,0.39856344
Google Tee F/C Black,Fremont,34.07,0.39856344
Google Tee F/C Black,Hayward,34.07,0.39856344
Google Tee F/C Black,San Francisco,34.07,0.39856344
Google Tee F/C Black,Thousand Oaks,34.07,0.39856344
Google Tee F/C Black,Apopka,34.07,0.39856344
Google Tee F/C Black,Hallandale Beach,34.07,0.39856344
Google Tee F/C Black,Chicago,34.07,0.39856344
Google Tee F/C Black,Mount Prospect,34.07,0.39856344
Google Tee F/C Black,Biloxi,34.07,0.39856344
Google Tee F/C Black,Omaha,34.07,0.39856344
Google Tee F/C Black,Pittsburgh,34.07,0.39856344
Google Tee F/C Black,Punxsutawney,34.07,0.39856344
Google Tee F/C Black,Austin,34.07,0.39856344
Google Tee F/C Black,El Paso,34.07,0.39856344
Google Tee F/C Black,Mansfield,34.07,0.39856344
Google Tee F/C Black,Kirkland,34.07,0.39856344
Google Tee Green,Sao Paulo,34.07,0.39856344
Google Tee Grey,Minneapolis,34.07,0.39856344
Google Tee Grey,Seattle,34.07,0.39856344
Google Tee Red,San Francisco,34.07,0.39856344
Google Tee Red,San Jose,34.07,0.39856344
Google Tee Red,Plano,34.07,0.39856344
Google Tee Red,Seattle,34.07,0.39856344
Google Tee White,Coquitlam,34.07,0.39856344
Google Tee White,Broomfield,34.07,0.39856344
Google Tee White,Independence,34.07,0.39856344
Google Tee White,Lafayette,34.07,0.39856344
Google Tee White,Punxsutawney,34.07,0.39856344
Google Tee White,Kirkland,34.07,0.39856344
Google Tee White,Seattle,34.07,0.39856344
Google Tee White,Madison,34.07,0.39856344
Google Tee Yellow,Bellflower,34.07,0.39856344
Google Tonal Tee Slate Grey,New York,34.07,0.39856344
Google Unisex Eco Tee Black,(not set),34.07,0.39856344
Google Unisex Eco Tee Black,Los Angeles,34.07,0.39856344
Google Unisex Eco Tee Black,Milpitas,34.07,0.39856344
Google Unisex Eco Tee Black,Denver,34.07,0.39856344
Google Unisex Eco Tee Black,Yonkers,34.07,0.39856344
Google Unisex Eco Tee Black,Austin,34.07,0.39856344
Google Women's Black Tee,Matthews,34.07,0.39856344
Google Women's Eco Tee Black,(not set),34.07,0.39856344
Google Women's Eco Tee Black,Denver,34.07,0.39856344
Google Women's Eco Tee Black,Mansfield,34.07,0.39856344
Google Women's Tee F/C Black,London,34.07,0.39856344
Google Women's Tee F/C Black,Brea,34.07,0.39856344
Google Women's Tee F/C Black,San Diego,34.07,0.39856344
Google Women's Tee F/C Black,Des Moines,34.07,0.39856344
Google Women's Tee F/C Black,Matthews,34.07,0.39856344
Google Women's Tee F/C Black,Goose Creek,34.07,0.39856344
Google Women's Tee F/C Black,Stafford,34.07,0.39856344
Google Women's Tee F/C Black,Seattle,34.07,0.39856344
Google Women's Tee Grey,(not set),34.07,0.39856344
Google Women's Tee Grey,Seattle,34.07,0.39856344
Google Women's White Tee,San Francisco,34.07,0.39856344
Google Women's White Tee,Apopka,34.07,0.39856344
Google Women's White Tee,Matthews,34.07,0.39856344
YouTube Icon Tee Charcoal,Copenhagen,34.07,0.39856344
YouTube Icon Tee Charcoal,New York,34.07,0.39856344
YouTube Icon Tee Grey,Bellbrook,34.07,0.39856344
YouTube Tee Black,Taylorsville,34.07,0.39856344
Google Maps Pin,Louisville,32.53,0.380547952
Google Pen Navy,New York,32.53,0.380547952
Google Sunglasses,Nashville,32.53,0.380547952
Google 24 oz Ring Bottle Red,New York,32.49,0.380080017
Google 24oz Ring Bottle Blue,San Jose,32.49,0.380080017
YouTube Small Sticker Sheet,Manteca,32.43,0.379378115
Unisex Google Color Block Tee White,Oak Brook,31.45,0.367913713
Unisex Google Color Block Tee White,Kansas City,31.45,0.367913713
Unisex Google Jumbo Print Tee White,Mexico City,31.45,0.367913713
Unisex Google Jumbo Print Tee White,Portland,31.45,0.367913713
Google Campus Bike Eco Tee Navy,Santa Clara,30.99,0.362532463
Google Laptop Sleeve Charcoal,Mexico City,30.99,0.362532463
Google Laptop Sleeve Charcoal,Stockton,30.99,0.362532463
Google Mouse Pad Navy,Austin,30.99,0.362532463
Google Mural Sticky Note Pad,Wexford,30.99,0.362532463
Google Packable Bag Black,Stockton,30.99,0.362532463
Google Speckled Beanie Grey,Mexico City,30.99,0.362532463
Google Speckled Beanie Navy,Fort Worth,30.99,0.362532463
Google Utility Bag Grey,Anaheim,30.99,0.362532463
Stan and Friends Tee Green,Santa Clara,30.99,0.362532463
Google Laptop Sleeve Charcoal,Los Angeles,30.97,0.362298496
Google Laptop Sleeve Charcoal,Arlington,30.97,0.362298496
Google Laptop Sleeve Charcoal,New York,30.97,0.362298496
Google Packable Bag Black,Simi Valley,30.97,0.362298496
Google Packable Bag Black,Northbrook,30.97,0.362298496
Google Packable Bag Black,Arlington,30.97,0.362298496
Google Packable Bag Black,New York,30.97,0.362298496
Google Packable Bag Black,Punxsutawney,30.97,0.362298496
Google Perk Thermal Tumbler,Plano,30.97,0.362298496
Google Perk Thermal Tumbler,Breezy Point,30.97,0.362298496
Google Premium Sunglasses,Oklahoma City,30.97,0.362298496
Google Snapback Black Cap,Oklahoma City,30.97,0.362298496
Google Snapback Navy Cap,San Francisco,30.97,0.362298496
Google Fold-over Beanie Grey,New York,30.95,0.362064528
YouTube Pen 2-Pack,New York,30.94,0.361947545
Google Clear Pen 4-Pack,New York,30.92,0.361713577
Google Phone Stand Bamboo,(not set),30.92,0.361713577
Google Phone Stand Bamboo,North Laurel,30.92,0.361713577
7in Dog Frisbee,Los Angeles,30.21,0.353407735
Google Beanie Olive,New York,29.42,0.344166023
Android 25 oz Gear Cap Bottle White,Fremont,29.27,0.342411268
Android 25 oz Gear Cap Bottle White,Mountain View,29.27,0.342411268
Android 25 oz Gear Cap Bottle White,Atlanta,29.27,0.342411268
Youth Google Pocket Tee Blue,Redmond,28.2,0.329894013
Android Tone Hoodie Black,Cupertino,27.89,0.326267518
Android Tone Hoodie Black,San Francisco,27.89,0.326267518
Android Tone Hoodie Black,Chicago,27.89,0.326267518
Android Tone Hoodie Black,Boston,27.89,0.326267518
Android Tone Hoodie Black,Albuquerque,27.89,0.326267518
Android Tone Hoodie Black,Pottstown,27.89,0.326267518
Android Tone Hoodie Black,Norwood,27.89,0.326267518
Google Thermal Tumbler Navy,The Woodlands,27.89,0.326267518
Google Thermal Tumbler Navy,Burnaby,27.87,0.326033551
Google Thermal Tumbler Navy,Anaheim,27.87,0.326033551
Google Thermal Tumbler Navy,Hawthorne,27.87,0.326033551
Google Thermal Tumbler Navy,Los Angeles,27.87,0.326033551
Google Thermal Tumbler Navy,Redmond,27.87,0.326033551
Google Mesh Bag Blue,New York,27.84,0.3256826
Google Mesh Bag Blue,Portland,27.84,0.3256826
Google Mesh Bag Red,Los Angeles,27.84,0.3256826
Google Mesh Bag Red,Portland,27.84,0.3256826
Google Metallic Notebook Set,Portland,27.84,0.3256826
Google Small Cable Organizer Blue,Oklahoma City,27.79,0.325097681
Google Tonal Tee Coral,Santa Cruz,27.25,0.318780562
Google Tonal Tee Fog,Oakland,27.25,0.318780562
Google Tonal Tee Spearmint,Toronto,27.25,0.318780562
YouTube Tee Black,Seattle,27.25,0.318780562
YouTube Tee Black,Morgantown,27.25,0.318780562
Android Skate Kids Tee,Villas,27.11,0.31714279
Google Pen White,Santa Clara,27.11,0.31714279
Android Diamond Tee,Sao Paulo,27.1,0.317025807
Android Diamond Tee,Fuzhou,27.1,0.317025807
Android Diamond Tee,San Bernardino,27.1,0.317025807
Android Diamond Tee,Georgetown,27.1,0.317025807
Android Hexagon Tee,Fuzhou,27.1,0.317025807
Android Hexagon Tee,Georgetown,27.1,0.317025807
Android Mountains Tee,San Bernardino,27.1,0.317025807
Android Mountains Tee,Roxborough Park,27.1,0.317025807
Android Youth Explorer Tee,Bengaluru,27.1,0.317025807
Android Leather Strap Hat Black,Palo Alto,26.34,0.308135046
Google Crew Combed Cotton Sock,Tracy,26.34,0.308135046
Google Leather Strap Hat Blue,Pembroke Pines,26.34,0.308135046
Google Leather Strap Hat Blue,Fort Worth,26.34,0.308135046
Google Mural Mug,Portland,26.34,0.308135046
YouTube Leather Strap Hat Black,Santa Clara,26.34,0.308135046
YouTube Leather Strap Hat Black,Jersey City,26.34,0.308135046
YouTube Leather Strap Hat Black,New York,26.34,0.308135046
YouTube Leather Strap Hat Black,Portland,26.34,0.308135046
Campus Corkbase Mug Blue,Mountain Top,26.32,0.307901079
Google Crew Combed Cotton Sock,San Bruno,26.32,0.307901079
Google Crew Combed Cotton Sock,Arlington,26.32,0.307901079
Google Crew Striped Athletic Sock,Cherry Hill,26.32,0.307901079
Google Crew Socks,Cumming,24.79,0.290002574
Google Crew Socks,Strongsville,24.79,0.290002574
Google Crew Socks,Kutztown,24.79,0.290002574
Google Keychain,Cumming,24.79,0.290002574
Google Large Standard Journal Grey,Bolingbrook,24.79,0.290002574
Google Large Standard Journal Grey,Oak Brook,24.79,0.290002574
Google Large Standard Journal Grey,Austin,24.79,0.290002574
Noogler Android Figure 2019,Palo Alto,24.79,0.290002574
Noogler Android Figure 2019,Cumming,24.79,0.290002574
Noogler Android Figure 2019,New York,24.79,0.290002574
Noogler Android Figure 2019,Philadelphia,24.79,0.290002574
YouTube Crew Socks,Woodstock,24.79,0.290002574
YouTube Crew Socks,Wexford,24.79,0.290002574
YouTube Transmission Journal Red,(not set),24.79,0.290002574
YouTube Transmission Journal Red,Las Vegas,24.79,0.290002574
YouTube Transmission Journal Red,New York,24.79,0.290002574
Android Crew Socks Summer 18,Escondido,24.77,0.289768606
Android Crew Socks Summer 18,Orlando,24.77,0.289768606
Android Large Trace Journal Black,Georgetown,24.77,0.289768606
Android Puzzlebot v2,Chicago,24.77,0.289768606
Android Puzzlebot v2,Houston,24.77,0.289768606
Google Crew Socks,Hartford,24.77,0.289768606
Google Crew Socks Summer 18,Burbank,24.77,0.289768606
Google Crew Socks Summer 18,Elgin,24.77,0.289768606
Google Crew Socks Summer 18,Charlotte,24.77,0.289768606
Google Crew Socks Summer 18,Raleigh,24.77,0.289768606
Google Large Standard Journal Grey,Los Angeles,24.77,0.289768606
Google Large Standard Journal Grey,Elkridge,24.77,0.289768606
Google Large Standard Journal Grey,Blacksburg,24.77,0.289768606
Google Large Standard Journal Grey,Linganore-Bartonsville,24.77,0.289768606
Google Large Standard Journal Navy,Elkridge,24.77,0.289768606
Google Leather Strap Hat Blue,Oklahoma City,24.77,0.289768606
Google Leather Strap Hat Red,New York,24.77,0.289768606
Google Leather Strap Hat Red,Austin,24.77,0.289768606
Noogler Android Figure 2019,Bengaluru,24.77,0.289768606
Noogler Android Figure 2019,Oakland,24.77,0.289768606
Noogler Android Figure 2019,South Lake Tahoe,24.77,0.289768606
Noogler Android Figure 2019,Sunnyvale,24.77,0.289768606
Noogler Android Figure 2019,Houston,24.77,0.289768606
YouTube Crew Socks,San Bruno,24.77,0.289768606
YouTube Crew Socks,San Jose,24.77,0.289768606
YouTube Crew Socks Summer 18,Burbank,24.77,0.289768606
YouTube Crew Socks Summer 18,Orlando,24.77,0.289768606
YouTube Leather Strap Hat Black,Newark,24.77,0.289768606
YouTube Leather Strap Hat Black,Mountain Top,24.77,0.289768606
YouTube Transmission Journal Black,Garden Grove,24.77,0.289768606
YouTube Transmission Journal Black,San Francisco,24.77,0.289768606
YouTube Transmission Journal Black,Newburgh,24.77,0.289768606
YouTube Transmission Journal Black,Pike Creek,24.77,0.289768606
YouTube Transmission Journal Black,Roseville,24.77,0.289768606
Android Buoy Bottle,Oxford,24.76,0.289651623
Google Magnet,Breezy Point,24.76,0.289651623
YouTube Pen 2-Pack,Waterford Township,24.73,0.289300671
YouTube Kids Onesie White,Santa Clara,24.17,0.282749585
YouTube Wordmark Crew Grey,San Jose,24.17,0.282749585
YouTube Wordmark Crew Grey,New York,24.17,0.282749585
YouTube Wordmark Crew Grey,Dix Hills,24.17,0.282749585
Google Bike Tee Navy,Muncie,23.86,0.27912309
Google Tee Blue,Campbell,23.86,0.27912309
Google Tee Blue,Union City,23.86,0.27912309
Google Tee Blue,Muncie,23.86,0.27912309
Google Tee Blue,Knoxville,23.86,0.27912309
Google Tee Green,Union City,23.86,0.27912309
Google Tee Red,Union City,23.86,0.27912309
Google Tee Red,Tampa,23.86,0.27912309
Google Tee Red,Chicago,23.86,0.27912309
Google Tee Red,New York,23.86,0.27912309
Google Tee Red,San Antonio,23.86,0.27912309
Google Tee White,Campbell,23.86,0.27912309
Google Tee White,Long Beach,23.86,0.27912309
Google Tee White,Palo Alto,23.86,0.27912309
Google Tee White,Union City,23.86,0.27912309
Google Tee White,Quakertown,23.86,0.27912309
Google Tee White,Arlington,23.86,0.27912309
Google Tee Yellow,Virginia Beach,23.86,0.27912309
Google Bike Tee Navy,San Jose,23.84,0.278889123
Google Bike Tee Navy,Atlanta,23.84,0.278889123
Google Bike Tee Navy,Bolingbrook,23.84,0.278889123
Google Bike Tee Navy,Dallas,23.84,0.278889123
Google Bike Tee Navy,Garland,23.84,0.278889123
Google Bike Tee Navy,Mansfield,23.84,0.278889123
Google Shoreline Tonal Tee Maroon,Honolulu,23.84,0.278889123
Google Shoreline Tonal Tee Maroon,New York,23.84,0.278889123
Google Shoreline Tonal Tee Olive,Fuzhou,23.84,0.278889123
Google Shoreline Tonal Tee Olive,Murrieta,23.84,0.278889123
Google Shoreline Tonal Tee Olive,Sacramento,23.84,0.278889123
Google Shoreline Tonal Tee Olive,Nether Providence Township,23.84,0.278889123
Google Tee Blue,(not set),23.84,0.278889123
Google Tee Blue,Hayward,23.84,0.278889123
Google Tee Blue,Claymont,23.84,0.278889123
Google Tee Blue,Basehor,23.84,0.278889123
Google Tee Blue,Franklin,23.84,0.278889123
Google Tee Blue,Mansfield,23.84,0.278889123
Google Tee Blue,Seattle,23.84,0.278889123
Google Tee Blue,Linganore-Bartonsville,23.84,0.278889123
Google Tee Green,Bolingbrook,23.84,0.278889123
Google Tee Green,New York,23.84,0.278889123
Google Tee Green,Dallas,23.84,0.278889123
Google Tee Green,Bainbridge Island,23.84,0.278889123
Google Tee Grey,Los Angeles,23.84,0.278889123
Google Tee Grey,Chicago,23.84,0.278889123
Google Tee Grey,New York,23.84,0.278889123
Google Tee Grey,Westerville,23.84,0.278889123
Google Tee Grey,Pittsburgh,23.84,0.278889123
Google Tee Grey,Mansfield,23.84,0.278889123
Google Tee Red,Cupertino,23.84,0.278889123
Google Tee Red,Hayward,23.84,0.278889123
Google Tee Red,Mountain View,23.84,0.278889123
Google Tee Red,Bainbridge Island,23.84,0.278889123
Google Tee White,(not set),23.84,0.278889123
Google Tee White,Gilroy,23.84,0.278889123
Google Tee White,Los Angeles,23.84,0.278889123
Google Tee White,San Francisco,23.84,0.278889123
Google Tee White,Walnut Creek,23.84,0.278889123
Google Tee White,Louisville,23.84,0.278889123
Google Tee White,Warren,23.84,0.278889123
Google Tee White,New Rochelle,23.84,0.278889123
Google Tee White,Philadelphia,23.84,0.278889123
Google Tee White,Nashville,23.84,0.278889123
Google Tee White,Austin,23.84,0.278889123
Google Tee White,Euless,23.84,0.278889123
Google Tee White,Leander,23.84,0.278889123
Google Tee White,Mansfield,23.84,0.278889123
Google Tee White,Hoover,23.84,0.278889123
Google Tee White,Short Pump,23.84,0.278889123
Google Tee White,Wall Township,23.84,0.278889123
Google Tee White,Willowbrook,23.84,0.278889123
Google Tee White,Bratislava,23.84,0.278889123
Google Tee Yellow,New York,23.84,0.278889123
Google Tee Yellow,Mansfield,23.84,0.278889123
Google Tee Yellow,East Palo Alto,23.84,0.278889123
Google Tonal Tee Coral,Bengaluru,23.84,0.278889123
Google Tonal Tee Coral,Atlanta,23.84,0.278889123
Google Tonal Tee Coral,Sikeston,23.84,0.278889123
Google Tonal Tee Coral,Raleigh,23.84,0.278889123
Google Tonal Tee Coral,Philadelphia,23.84,0.278889123
Google Tonal Tee Fog,Coquitlam,23.84,0.278889123
Google Tonal Tee Fog,Los Angeles,23.84,0.278889123
Google Tonal Tee Slate Grey,Coquitlam,23.84,0.278889123
Google Tonal Tee Slate Grey,Irvine,23.84,0.278889123
Google Tonal Tee Slate Grey,Honolulu,23.84,0.278889123
Google Tonal Tee Slate Grey,Sikeston,23.84,0.278889123
Google Tonal Tee Slate Grey,Dallas,23.84,0.278889123
Google Tonal Tee Spearmint,San Francisco,23.84,0.278889123
Google Tonal Tee Spearmint,Atlanta,23.84,0.278889123
Google Tonal Tee Spearmint,Chicago,23.84,0.278889123
Google Tonal Tee Spearmint,Raleigh,23.84,0.278889123
Google Tonal Tee Spearmint,Albuquerque,23.84,0.278889123
Google Women's White Tee,San Jose,23.84,0.278889123
Google Women's White Tee,Denver,23.84,0.278889123
Google Women's White Tee,Novi,23.84,0.278889123
Mind Blown Tee White,Budapest,23.84,0.278889123
YouTube Tee Black,Los Angeles,23.84,0.278889123
YouTube Tee Black,San Diego,23.84,0.278889123
YouTube Tee Black,Apopka,23.84,0.278889123
YouTube Tee Black,Hallandale Beach,23.84,0.278889123
YouTube Tee Black,Charlotte,23.84,0.278889123
YouTube Tee Black,Beaverton,23.84,0.278889123
YouTube Tee Black,Greer,23.84,0.278889123
YouTube Tee Black,Georgetown,23.84,0.278889123
YouTube Tee Black,Fairfax,23.84,0.278889123
YouTube Tee Black,Pike Creek,23.84,0.278889123
YouTube Tee Black,San Juan,23.84,0.278889123
YouTube Women's Favorite Tee White,Hallandale Beach,23.84,0.278889123
YouTube Women's Favorite Tee White,Auburn Hills,23.84,0.278889123
YouTube Women's Favorite Tee White,Seattle,23.84,0.278889123
Google Beanie Maroon,Santa Cruz,23.53,0.275262628
Google Heathered Pom Beanie,Boston,23.24,0.271870101
Google Heathered Pom Beanie,Raleigh,23.24,0.271870101
Google Heathered Pom Beanie,Kutztown,23.24,0.271870101
Google Color Block Tote White,San Francisco,23.22,0.271636134
Google Phone Stand Bamboo,New York,23.21,0.27151915
Google Clear Pen 4-Pack,Santa Clarita,23.19,0.271285183
Google Phone Stand Bamboo,Fremont,23.19,0.271285183
Unisex Google Color Block Tee White,Vista,22.46,0.262745373
Google Sunglasses,San Jose,21.69,0.253737629
Google Sunglasses,York,21.69,0.253737629
Android Sport Socks,Boulder,21.67,0.253503662
Google Sport Socks Summer 18,Thousand Oaks,21.67,0.253503662
Google Sport Socks Summer 18,Hicksville,21.67,0.253503662
Google Sport Socks Summer 18,Houston,21.67,0.253503662
Google Striped Accessory Pouch,Asbury Park,21.67,0.253503662
Google Striped Accessory Pouch,Portland,21.67,0.253503662
Google 24oz Ring Bottle Blue,Modesto,21.66,0.253386678
Google Separating Keyring,Karachi,21.66,0.253386678
Google Separating Keyring,New York,21.66,0.253386678
Maze Pen,Sunnyvale,21.47,0.251163988
Google Beanie Maroon,Tracy,20.59,0.240869423
Google Beanie Olive,Chicago,20.59,0.240869423
YouTube Tee Black,Las Vegas,20.45,0.239231651
Google Camp Mug Ivory,Chico,20.14,0.235605157
Google Camp Mug Ivory,Cumming,20.14,0.235605157
Google Camp Mug Ivory,Newton,20.14,0.235605157
Google Camp Mug Ivory,Charlotte,20.14,0.235605157
Google Camp Mug Ivory,Hicksville,20.14,0.235605157
Google Camp Mug Ivory,The Woodlands,20.14,0.235605157
Google Color Block Tote White,Phoenix,20.14,0.235605157
Google Large Tote White,(not set),20.14,0.235605157
Google Large Tote White,Santa Clara,20.14,0.235605157
Google Large Tote White,Derby,20.14,0.235605157
Google Relaxed Fit Hat Navy,San Leandro,20.14,0.235605157
Google Trucker Hat Black,Sunnyvale,20.14,0.235605157
Google Trucker Hat Black,Chicago,20.14,0.235605157
Google Twill Cap Charcoal,San Francisco,20.14,0.235605157
Google Twill Cap Charcoal,Noblesville,20.14,0.235605157
Google Twill Cap Charcoal,Baton Rouge,20.14,0.235605157
YouTube Kids Onesie White,Anaheim,20.14,0.235605157
YouTube Play Mug,(not set),20.14,0.235605157
YouTube Play Mug,Rohnert Park,20.14,0.235605157
YouTube Play Mug,Hicksville,20.14,0.235605157
YouTube Twill Sandwich Cap Black,Flagstaff,20.14,0.235605157
YouTube Twill Sandwich Cap Black,Fullerton,20.14,0.235605157
YouTube Twill Sandwich Cap Black,Ontario,20.14,0.235605157
YouTube Twill Sandwich Cap Black,Stamford,20.14,0.235605157
YouTube Twill Sandwich Cap Black,Waltham,20.14,0.235605157
YouTube Twill Sandwich Cap Black,Jersey City,20.14,0.235605157
YouTube Twill Sandwich Cap Black,Dix Hills,20.14,0.235605157
YouTube Twill Sandwich Cap Black,Bayamon,20.14,0.235605157
Android Mug Gray,Tampa,20.12,0.235371189
Google 16 oz Tumbler Blue,(not set),20.12,0.235371189
Google 16 oz Tumbler Blue,Monroe,20.12,0.235371189
Google Camp Mug Ivory,Los Angeles,20.12,0.235371189
Google Camp Mug Ivory,Watertown,20.12,0.235371189
Google Camp Mug Ivory,Basehor,20.12,0.235371189
Google Camp Mug Ivory,Ann Arbor,20.12,0.235371189
Google Camp Mug Ivory,New York,20.12,0.235371189
Google Camp Mug Ivory,Houston,20.12,0.235371189
Google Camp Mug Ivory,Blacksburg,20.12,0.235371189
Google Campus Bike Tote Navy,Seongnam-si,20.12,0.235371189
Google Campus Bike Tote Navy,Breezy Point,20.12,0.235371189
Google Color Block Notebook,Fenton Township,20.12,0.235371189
Google Dad Hat Maroon,Tampa,20.12,0.235371189
Google Dad Hat Maroon,Redmond,20.12,0.235371189
Google Dad Hat Navy,New York,20.12,0.235371189
Google Dad Hat Navy,Coatesville,20.12,0.235371189
Google Hub Mug White,(not set),20.12,0.235371189
Google Hub Mug White,Bengaluru,20.12,0.235371189
Google Hub Mug White,Los Angeles,20.12,0.235371189
Google Hub Mug White,Vernon,20.12,0.235371189
Google Hub Mug White,Macomb,20.12,0.235371189
Google Hub Mug White,Mountain Top,20.12,0.235371189
Google Hub Mug White,Dallas,20.12,0.235371189
Google Hub Mug White,Waco,20.12,0.235371189
Google Large Tote Canvas,Burnaby,20.12,0.235371189
Google Large Tote Canvas,Hawthorne,20.12,0.235371189
Google Large Tote Canvas,Vernon,20.12,0.235371189
Google Large Tote Canvas,Watertown,20.12,0.235371189
Google Large Tote Canvas,Redmond,20.12,0.235371189
Google Large Tote White,Los Angeles,20.12,0.235371189
Google Large Tote White,Jersey City,20.12,0.235371189
Google Recycled Notebook Set Natural,(not set),20.12,0.235371189
Google Recycled Notebook Set Natural,Charlotte,20.12,0.235371189
Google Relaxed Fit Hat Navy,Mountain View,20.12,0.235371189
Google Relaxed Fit Hat Navy,Newark,20.12,0.235371189
Google Relaxed Fit Hat Navy,Boothbay Harbor,20.12,0.235371189
Google Small Standard Journal Navy,Matthews,20.12,0.235371189
Google Small Standard Journal Navy,Abington,20.12,0.235371189
Google Trucker Hat Black,(not set),20.12,0.235371189
Google Trucker Hat Black,Coquitlam,20.12,0.235371189
Google Trucker Hat Black,Chihuahua,20.12,0.235371189
Google Trucker Hat Black,Walnut Creek,20.12,0.235371189
Google Trucker Hat Black,Biloxi,20.12,0.235371189
Google Trucker Hat Black,Omaha,20.12,0.235371189
Google Trucker Hat Black,New York,20.12,0.235371189
Google Trucker Hat Black,Mountain Top,20.12,0.235371189
Google Twill Cap Charcoal,South Lake Tahoe,20.12,0.235371189
Google Twill Cap Charcoal,Matthews,20.12,0.235371189
Google Twill Cap Charcoal,Omaha,20.12,0.235371189
Google Twill Cap Charcoal,Seattle,20.12,0.235371189
Google Twill Cap Charcoal,San Juan,20.12,0.235371189
Google Twill Sandwich Cap Navy,Riverside,20.12,0.235371189
YouTube Twill Sandwich Cap Black,Copenhagen,20.12,0.235371189
YouTube Twill Sandwich Cap Black,Chihuahua,20.12,0.235371189
YouTube Twill Sandwich Cap Black,Peoria,20.12,0.235371189
YouTube Twill Sandwich Cap Black,Burlingame,20.12,0.235371189
YouTube Twill Sandwich Cap Black,Escondido,20.12,0.235371189
YouTube Twill Sandwich Cap Black,Riverside,20.12,0.235371189
YouTube Twill Sandwich Cap Black,New Haven,20.12,0.235371189
YouTube Twill Sandwich Cap Black,Mableton,20.12,0.235371189
YouTube Twill Sandwich Cap Black,Newburgh,20.12,0.235371189
YouTube Twill Sandwich Cap Black,Lynnfield,20.12,0.235371189
YouTube Twill Sandwich Cap Black,Albuquerque,20.12,0.235371189
YouTube Twill Sandwich Cap Black,Hudson,20.12,0.235371189
YouTube Twill Sandwich Cap Black,Philadelphia,20.12,0.235371189
YouTube Twill Sandwich Cap Black,Greer,20.12,0.235371189
YouTube Twill Sandwich Cap Black,Houston,20.12,0.235371189
YouTube Twill Sandwich Cap Black,Chantilly,20.12,0.235371189
YouTube Twill Sandwich Cap Black,Morgantown,20.12,0.235371189
YouTube Twill Sandwich Cap Black,Pike Creek,20.12,0.235371189
YouTube Twill Sandwich Cap Black,San Juan,20.12,0.235371189
Maze Pen,New York,19.97,0.233616434
Android Diamond Tee,Atlanta,19.37,0.226597412
Android Diamond Tee,Norwood,19.37,0.226597412
Android Youth Circle Tee,Campbell,19.37,0.226597412
Android Youth Explorer Tee,Boston,19.37,0.226597412
Android Youth Explorer Tee,Halton Hills,19.37,0.226597412
#IamRemarkable Unisex T-Shirt,Santa Clara,18.59,0.217472684
Google Color Block Notebook,Murrieta,18.59,0.217472684
Google Color Block Notebook,Westmere,18.59,0.217472684
Google Felt Strap Keyring,Washington,18.59,0.217472684
Google Recycled Writing Set,Austin,18.59,0.217472684
Google See-No Hear-No Set,San Leandro,18.59,0.217472684
Google Wallet Stand Black,Cumming,18.59,0.217472684
Waze Mood Happy Window Decal,Rockville,18.59,0.217472684
YouTube Kids Tee White,Irvine,18.59,0.217472684
Google See-No Hear-No Set,San Francisco,18.58,0.217355701
Google See-No Hear-No Set,Oklahoma City,18.58,0.217355701
Google Mesh Bag Blue,San Francisco,18.56,0.217121733
Google Mesh Bag Blue,Fox Point,18.56,0.217121733
Google Metallic Notebook Set,Foster City,18.56,0.217121733
Google Cloth & Pouch Black,New York,18.54,0.216887766
Google Laptop and Cell Phone Stickers,New York,18.54,0.216887766
Google Wallet Stand Black,San Jose,18.54,0.216887766
YouTube Pen 2-Pack,Garden Grove,18.54,0.216887766
Google Laptop and Cell Phone Stickers,Boston,18.53,0.216770782
Google Light Pen Blue,Santa Clarita,18.53,0.216770782
Google Small Cable Organizer Blue,North Laurel,18.53,0.216770782
Waze Women's Short Sleeve Tee,Seattle,17.66,0.206593201
Google Large Standard Journal Navy,(not set),17.35,0.202966706
Google Large Standard Journal Navy,Stockton,17.35,0.202966706
Google Sport Socks,Bolingbrook,17.35,0.202966706
Google Sport Socks,Jersey City,17.35,0.202966706
Google Sport Socks,The Woodlands,17.35,0.202966706
Google Sport Socks,Villas,17.35,0.202966706
Google Tri Pen Black,Auburn Hills,17.34,0.202849723
Google Tri Pen Black,Georgetown,17.34,0.202849723
Google Tri Pen Silver,Vernon,17.34,0.202849723
Google Tri Pen Silver,Auburn Hills,17.34,0.202849723
Google Tri Pen Silver,Alliance,17.34,0.202849723
YouTube Flex Journal Black,San Francisco,17.32,0.202615755
Android Matrix Tee White,Scottsdale,17.04,0.199340212
Android Women's Peace Tee Black,Sao Paulo,17.04,0.199340212
Android Women's Peace Tee Black,San Bernardino,17.04,0.199340212
Android Women's Peace Tee Black,San Francisco,17.04,0.199340212
Android Women's Peace Tee Black,Auburn Hills,17.04,0.199340212
Android Women's Peace Tee Black,New York,17.04,0.199340212
Android Women's Peace Tee Black,Seattle,17.04,0.199340212
Google Campus Bike Tote Navy,Redmond,17.04,0.199340212
Google Pride Tote Black,(not set),17.04,0.199340212
Google Stylus Pen w/ LED Light,New York,17.04,0.199340212
Google Stylus Pen w/ LED Light,Houston,17.04,0.199340212
Google Stylus Pen w/ LED Light,Hoover,17.04,0.199340212
Google Tee Blue,Winnipeg,17.04,0.199340212
Google Tee Red,Anaheim,17.04,0.199340212
Google Tee Red,Villas,17.04,0.199340212
Google Tee White,Hockessin,17.04,0.199340212
Google Tee Yellow,Louisville,17.04,0.199340212
Google Tee Yellow,Austin,17.04,0.199340212
Google Tonal Tee Coral,Scottsdale,17.04,0.199340212
Google Tonal Tee Coral,Capitola,17.04,0.199340212
Google Tonal Tee Coral,Elk Grove,17.04,0.199340212
Google Tonal Tee Coral,Bolingbrook,17.04,0.199340212
Google Tonal Tee Coral,Chicago,17.04,0.199340212
Google Tonal Tee Coral,Clinton,17.04,0.199340212
Google Tonal Tee Coral,Portland,17.04,0.199340212
Google Tonal Tee Coral,Dallas,17.04,0.199340212
Google Tonal Tee Coral,San Antonio,17.04,0.199340212
Google Tonal Tee Fog,Sunnyvale,17.04,0.199340212
Google Tonal Tee Spearmint,Elk Grove,17.04,0.199340212
Google Tonal Tee Spearmint,San Jose,17.04,0.199340212
Google Tonal Tee Spearmint,Sunnyvale,17.04,0.199340212
Google Tonal Tee Spearmint,Tampa,17.04,0.199340212
Google Tonal Tee Spearmint,Novi,17.04,0.199340212
Google Tonal Tee Spearmint,Austin,17.04,0.199340212
Google Tonal Tee Spearmint,Herriman,17.04,0.199340212
I am Not a Robot Tee White,Bengaluru,17.04,0.199340212
I am Not a Robot Tee White,Escondido,17.04,0.199340212
I am Not a Robot Tee White,Tehachapi,17.04,0.199340212
I am Not a Robot Tee White,Indianapolis,17.04,0.199340212
I am Not a Robot Tee White,Portland,17.04,0.199340212
Mind Blown Tee White,Irvine,17.04,0.199340212
Mind Blown Tee White,Fort Lauderdale,17.04,0.199340212
Mind Blown Tee White,Indianapolis,17.04,0.199340212
YouTube Tee Black,Calgary,17.04,0.199340212
YouTube Tee Black,Edmonton,17.04,0.199340212
YouTube Tee Black,Scottsdale,17.04,0.199340212
YouTube Tee Black,Newark,17.04,0.199340212
YouTube Tee Black,Boston,17.04,0.199340212
YouTube Tee Black,Maryland Heights,17.04,0.199340212
Google Twill Cap,Ceres,17.03,0.199223228
Google Twill Cap,Santa Clara,17.03,0.199223228
Google Twill Cap,New York,17.03,0.199223228
Google Twill Cap,Centennial,17.03,0.199223228
7in Dog Frisbee,San Francisco,16.27,0.190332468
Google Pen Navy,Foster City,16.27,0.190332468
Google Sunglasses,Montreal,16.27,0.190332468
Google Sunglasses,Los Angeles,16.27,0.190332468
Google Sunglasses,Upland,16.27,0.190332468
Google Sunglasses,Garfield,16.27,0.190332468
Google Sunglasses,Summit,16.27,0.190332468
Google Sunglasses,Midland,16.27,0.190332468
Google Dad Hat Maroon,San Diego,16.1,0.188343745
Google Dad Hat Maroon,Dallas,16.1,0.188343745
Android Iconic Beanie,Vista,15.49,0.18120774
Google Clear Pen 4-Pack,San Antonio,15.49,0.18120774
Google Fold-over Beanie Grey,Chico,15.49,0.18120774
Google Fold-over Beanie Grey,Livonia,15.49,0.18120774
Google Fold-over Beanie Grey,Dentsville,15.49,0.18120774
Google Mini Kick Ball,Palo Alto,15.49,0.18120774
Google Phone Stand Bamboo,Fullerton,15.49,0.18120774
Android Trace Mug Black,Los Angeles,15.48,0.181090756
Android Trace Mug Black,Ann Arbor,15.48,0.181090756
Google Bot,Chicago,15.48,0.181090756
Google Bot,New York,15.48,0.181090756
Google Bot,Portland,15.48,0.181090756
Google Campus Bike Carry Pouch,New Rochelle,15.48,0.181090756
Google Flower Tee Purple,Sikeston,15.48,0.181090756
Google Fold-over Beanie Grey,Los Angeles,15.48,0.181090756
Google Fold-over Beanie Grey,San Diego,15.48,0.181090756
Google Fold-over Beanie Grey,Walnut Creek,15.48,0.181090756
Google Fold-over Beanie Grey,Abilene,15.48,0.181090756
Google Protector Tee Navy,Los Angeles,15.48,0.181090756
Google Utility Bag Grey,Chihuahua,15.48,0.181090756
Google Utility Bag Grey,Fremont,15.48,0.181090756
Google Utility Bag Grey,Ann Arbor,15.48,0.181090756
Google Utility Bag Grey,New York,15.48,0.181090756
Google Utility Bag Grey,Houston,15.48,0.181090756
YouTube Kids Tee White,Los Angeles,15.48,0.181090756
YouTube Kids Tee White,Valparaiso,15.48,0.181090756
YouTube Kids Tee White,Jersey City,15.48,0.181090756
Google Clear Framed Blue Shades,Fox Point,15.46,0.180856789
Google Clear Pen 4-Pack,Chicago,15.46,0.180856789
Google Clear Pen 4-Pack,Glen Burnie,15.46,0.180856789
Google Clear Pen 4-Pack,Houston,15.46,0.180856789
Google Mouse Pad Navy,Los Angeles,15.46,0.180856789
Google Mouse Pad Navy,New York,15.46,0.180856789
Google Phone Stand Bamboo,Arlington,15.46,0.180856789
Google Phone Stand Bamboo,Macomb,15.46,0.180856789
Google Phone Stand Bamboo,Georgetown,15.46,0.180856789
Google Red Kids Sunglasses,Los Angeles,15.46,0.180856789
Google Red Kids Sunglasses,Chicago,15.46,0.180856789
Google Mini Kick Ball,San Francisco,15.42,0.180388854
Maze Pen,Santa Clara,15.34,0.179452984
Maze Pen,Oswego,15.34,0.179452984
Maze Pen,Swampscott,15.34,0.179452984
Google Small Standard Journal Navy,Fullerton,14.1,0.164947006
Android Twill Cap Black,New York,14.08,0.164713039
Android Twill Cap Black,El Paso,14.08,0.164713039
Android Twill Cap Black,San Juan,14.08,0.164713039
Google Dad Hat Maroon,New York,14.08,0.164713039
Google Twill Sandwich Cap Navy,Austin,14.08,0.164713039
7in Dog Frisbee,New York,13.94,0.163075267
Google Light Pen Yellow,Louisville,13.94,0.163075267
YouTube Play Mug,Mountain Top,13.93,0.162958284
Google Laptop and Cell Phone Stickers,San Francisco,13.91,0.162724316
Google Light Pen Yellow,New York,13.91,0.162724316
Google Light Pen Green,Oakville,13.9,0.162607333
Google Light Pen Red,Oakville,13.9,0.162607333
Google Light Pen Yellow,Oakville,13.9,0.162607333
Google Small Cable Organizer Blue,New York,13.9,0.162607333
YouTube Small Sticker Sheet,Los Angeles,13.9,0.162607333
Google Confetti Pen White,Bengaluru,13.56,0.158629887
Google Pen White,Walnut Creek,13.56,0.158629887
Google Pen White,Minato City,13.56,0.158629887
Google Campus Corkbase Mug Purple,Palmdale,13.17,0.154067523
Google Campus Corkbase Mug Purple,Hicksville,13.17,0.154067523
Google Campus Corkbase Mug Purple,Franklin,13.15,0.153833556
Android Buoy Bottle,Dentsville,12.39,0.144942795
Google Campus Bike Carry Pouch,Redmond,12.39,0.144942795
Google Campus Bike Carry Pouch,Villas,12.39,0.144942795
Google Cork Pencil Pouch,Anaheim,12.39,0.144942795
Google Keychain,Germantown,12.39,0.144942795
Google Keychain,Dentsville,12.39,0.144942795
Google Lapel Pin,Louisville,12.39,0.144942795
Google Magnet,San Leandro,12.39,0.144942795
Android Geek Pin,Boulder,12.38,0.144825811
Android Hipster Pin,Morgan Hill,12.38,0.144825811
Google Clip-On Flashlight Lantern Blue,New York,12.38,0.144825811
Google Magnet,Burlingame,12.38,0.144825811
Google Magnet,Los Angeles,12.38,0.144825811
Google Magnet,Morgan Hill,12.38,0.144825811
Google Magnet,South Lake Tahoe,12.38,0.144825811
Google Magnet,Visalia,12.38,0.144825811
Google Magnet,Vernon,12.38,0.144825811
Google Magnet,Chicago,12.38,0.144825811
Google Magnet,Monroe,12.38,0.144825811
Google Magnet,Rahway,12.38,0.144825811
Google Magnet,New York,12.38,0.144825811
Google Magnet,Houston,12.38,0.144825811
Google Magnet,Mayfield,12.38,0.144825811
YouTube Flex Journal Black,Orlando,12.38,0.144825811
Google Wallet Stand Black,New York,12.36,0.144591844
YouTube Pen 2-Pack,Santa Clarita,12.36,0.144591844
YouTube Pen 2-Pack,Hallandale Beach,12.36,0.144591844
YouTube Pen 2-Pack,Houston,12.36,0.144591844
YouTube Kids Onesie White,New York,12.08,0.141316301
YouTube Kids Onesie White,New Berlin,12.08,0.141316301
YouTube Kids Onesie White,Hoover,12.08,0.141316301
Google 24 oz Ring Bottle Red,Loganville,10.84,0.126810323
Google 24oz Ring Bottle Blue,Pullman,10.84,0.126810323
Google 24oz Ring Bottle Blue,Dentsville,10.84,0.126810323
Google 24oz Ring Bottle Blue,Villas,10.84,0.126810323
Google Pen Grey,Santa Clarita,10.84,0.126810323
Google Pen Grey,Houston,10.84,0.126810323
Google Pen Grey,Blacksburg,10.84,0.126810323
Google Pen White,Santa Clarita,10.84,0.126810323
Google Pen White,New York,10.84,0.126810323
Google Pen White,Austin,10.84,0.126810323
Google Pen White,Blacksburg,10.84,0.126810323
Google Separating Keyring,Pflugerville,10.84,0.126810323
Google Separating Keyring,Hoover,10.84,0.126810323
Google Sunglasses,Cumming,10.84,0.126810323
Google Sunglasses,Chicago,10.84,0.126810323
Google 24 oz Ring Bottle Red,Modesto,10.83,0.126693339
Google 24 oz Ring Bottle Red,Northbrook,10.83,0.126693339
Google 24oz Ring Bottle Blue,Breezy Point,10.83,0.126693339
Google Confetti Slim Task Pad,Monroe,10.83,0.126693339
Google Lip Balm & Sanitizer Duo,Murrieta,10.83,0.126693339
Google Separating Keyring,Riverside,10.83,0.126693339
Google Separating Keyring,Chicago,10.83,0.126693339
Google Separating Keyring,Asbury Park,10.83,0.126693339
Google Separating Keyring,Rahway,10.83,0.126693339
Google Separating Keyring,Houston,10.83,0.126693339
Google Separating Keyring,Fenton Township,10.83,0.126693339
YouTube Pen 2-Pack,(not set),10.81,0.126459372
Maze Pen,Houston,10.74,0.125640486
Android Women's Peace Tee Black,San Jose,10.23,0.119674317
Android Women's Peace Tee Black,Oswego,10.23,0.119674317
I am Not a Robot Tee White,San Jose,10.23,0.119674317
YouTube Tee Black,Jacksonville,10.23,0.119674317
YouTube Tee Black,Kyle,10.23,0.119674317
YouTube Tee Black,Villas,10.23,0.119674317
Google Striped Penny Pouch,Kutztown,9.76,0.114176084
Google Confetti Slim Task Pad,(not set),9.3,0.108794834
Google Laptop and Cell Phone Stickers,Louisville,9.3,0.108794834
Google Metallic Notebook Set,Los Banos,9.3,0.108794834
Google Metallic Notebook Set,Hoover,9.3,0.108794834
YouTube Kids Tee White,Karachi,9.3,0.108794834
YouTube Kids Tee White,Palo Alto,9.3,0.108794834
YouTube Kids Tee White,Washington,9.3,0.108794834
YouTube Kids Tee White,Honolulu,9.3,0.108794834
YouTube Kids Tee White,Chicago,9.3,0.108794834
YouTube Kids Tee White,Frisco,9.3,0.108794834
YouTube Small Sticker Sheet,San Antonio,9.3,0.108794834
Google Laptop and Cell Phone Stickers,Los Angeles,9.28,0.108560867
Google Mesh Bag Blue,Oklahoma City,9.28,0.108560867
Google Mesh Bag Blue,Punxsutawney,9.28,0.108560867
Google Mesh Bag Blue,Foster City,9.28,0.108560867
Google Mesh Bag Red,Northbrook,9.28,0.108560867
Google Mesh Bag Red,Rahway,9.28,0.108560867
Google Mesh Bag Red,New York,9.28,0.108560867
Google Mesh Bag Red,Oklahoma City,9.28,0.108560867
Google Mesh Bag Red,Fox Point,9.28,0.108560867
Google Metallic Notebook Set,Los Angeles,9.28,0.108560867
Google Metallic Notebook Set,Oakland,9.28,0.108560867
Google Metallic Notebook Set,Greenwich,9.28,0.108560867
Google Metallic Notebook Set,Northbrook,9.28,0.108560867
Google Metallic Notebook Set,Rahway,9.28,0.108560867
Google Metallic Notebook Set,Houston,9.28,0.108560867
Google Metallic Notebook Set,Minato City,9.28,0.108560867
Google Metallic Notebook Set,Woodbridge Township,9.28,0.108560867
Google Laptop and Cell Phone Stickers,Ann Arbor,9.26,0.108326899
Google Laptop and Cell Phone Stickers,Mayfield,9.26,0.108326899
Google Light Pen Green,Chicago,9.26,0.108326899
Google Light Pen Green,New York,9.26,0.108326899
Google Light Pen Green,Houston,9.26,0.108326899
Google Light Pen Red,Santa Clarita,9.26,0.108326899
Google Light Pen Yellow,Oswego,9.26,0.108326899
Google Light Pen Yellow,Houston,9.26,0.108326899
YouTube Small Sticker Sheet,Bradenton,9.26,0.108326899
Google Mini Kick Ball,San Jose,9.25,0.108209916
Google Mini Kick Ball,Centennial,9.25,0.108209916
Google Flex Journal Blue,Chicago,8.66,0.101307878
Google Flex Journal Blue,Macomb,8.66,0.101307878
YouTube Flex Journal Black,Taylorsville,8.66,0.101307878
Google Stylus Pen w/ LED Light,Hallandale Beach,8.52,0.099670106
Google Stylus Pen w/ LED Light,Tampa,8.52,0.099670106
Google Stylus Pen w/ LED Light,Chester,8.52,0.099670106
Google Stylus Pen w/ LED Light,Georgetown,8.52,0.099670106
Google Stylus Pen w/ LED Light,Westmere,8.52,0.099670106
Google Pen Bright Blue,(not set),8.13,0.095107742
Google Pen Grass Green,(not set),8.13,0.095107742
Google Pen Grey,New York,8.13,0.095107742
Google Pen Lilac,(not set),8.13,0.095107742
Google Pen Neon Coral,(not set),8.13,0.095107742
Google Pen Neon Coral,New York,8.13,0.095107742
Google Pen Red,(not set),8.13,0.095107742
Google Pen White,Houston,8.13,0.095107742
Google Blue Kids Sunglasses,Omaha,7.75,0.090662362
Google Clear Framed Blue Shades,Stockton,7.75,0.090662362
Google Clear Framed Gray Shades,Stockton,7.75,0.090662362
Google Clear Framed Gray Shades,New York,7.75,0.090662362
Google Clear Framed Yellow Shades,New York,7.75,0.090662362
Google Clear Pen 4-Pack,Chester,7.75,0.090662362
Google Mouse Pad Navy,Stockton,7.75,0.090662362
Google Mouse Pad Navy,Cumming,7.75,0.090662362
Google Mouse Pad Navy,Louisville,7.75,0.090662362
Google Phone Stand Bamboo,Stockton,7.75,0.090662362
Google Phone Stand Bamboo,Cumming,7.75,0.090662362
Android Notebook Set Black,(not set),7.73,0.090428394
Android Notebook Set Black,Novi,7.73,0.090428394
Google Blue Kids Sunglasses,Coalinga,7.73,0.090428394
Google Blue Kids Sunglasses,Noblesville,7.73,0.090428394
Google Blue Kids Sunglasses,Mayfield,7.73,0.090428394
Google Clear Framed Blue Shades,Leander,7.73,0.090428394
Google Clear Framed Yellow Shades,Fox Point,7.73,0.090428394
Google Clear Pen 4-Pack,Fremont,7.73,0.090428394
Google Clear Pen 4-Pack,San Jose,7.73,0.090428394
Google Clear Pen 4-Pack,Upland,7.73,0.090428394
Google Clear Pen 4-Pack,Northbrook,7.73,0.090428394
Google Clear Pen 4-Pack,Oklahoma City,7.73,0.090428394
Google Clear Pen 4-Pack,Mountain Top,7.73,0.090428394
Google Clear Pen 4-Pack,Georgetown,7.73,0.090428394
Google Clear Pen 4-Pack,Virginia Beach,7.73,0.090428394
Google Emoji Sticker Pack,Visalia,7.73,0.090428394
Google Emoji Sticker Pack,New York,7.73,0.090428394
Google Mouse Pad Navy,Bengaluru,7.73,0.090428394
Google Mouse Pad Navy,Hawthorne,7.73,0.090428394
Google Mouse Pad Navy,Oakley,7.73,0.090428394
Google Mouse Pad Navy,Chicago,7.73,0.090428394
Google Phone Stand Bamboo,Burlingame,7.73,0.090428394
Google Phone Stand Bamboo,Escondido,7.73,0.090428394
Google Phone Stand Bamboo,Murrieta,7.73,0.090428394
Google Phone Stand Bamboo,San Francisco,7.73,0.090428394
Google Phone Stand Bamboo,Chicago,7.73,0.090428394
Google Phone Stand Bamboo,Oswego,7.73,0.090428394
Google Phone Stand Bamboo,Stevensville,7.73,0.090428394
Google Phone Stand Bamboo,Dallas,7.73,0.090428394
Google Red Kids Sunglasses,Coalinga,7.73,0.090428394
Maze Pen,Los Angeles,7.67,0.089726492
Google Blue YoYo,Albany,6.2,0.072529889
Google Cloth & Pouch Black,Mexico City,6.2,0.072529889
Google Cloth & Pouch Black,Murrieta,6.2,0.072529889
Google Cloth & Pouch Black,Forest Park,6.2,0.072529889
Google Mini Kick Ball,Anaheim,6.2,0.072529889
Google Recycled Pen Black,New York,6.2,0.072529889
Google Recycled Pen Green,New York,6.2,0.072529889
Google Tech Taco,Los Angeles,6.2,0.072529889
Google Wallet Stand Black,Stockton,6.2,0.072529889
YouTube Pen 2-Pack,Loganville,6.2,0.072529889
YouTube Pen 2-Pack,Pinckney,6.2,0.072529889
YouTube Pen 2-Pack,Rocky River,6.2,0.072529889
YouTube Pen 2-Pack,Wexford,6.2,0.072529889
Google Cloth & Pouch Black,Goose Creek,6.18,0.072295922
Google Wallet Stand Black,(not set),6.18,0.072295922
Google Wallet Stand Black,Dallas,6.18,0.072295922
Windup Android,Mount Laurel Township,6.18,0.072295922
Windup Android,Houston,6.18,0.072295922
YouTube Pen 2-Pack,Escondido,6.18,0.072295922
YouTube Pen 2-Pack,Orlando,6.18,0.072295922
YouTube Pen 2-Pack,Newburgh,6.18,0.072295922
YouTube Pen 2-Pack,Novi,6.18,0.072295922
YouTube Pen 2-Pack,Charlotte,6.18,0.072295922
YouTube Pen 2-Pack,Roselle Park,6.18,0.072295922
YouTube Pen 2-Pack,Georgetown,6.18,0.072295922
YouTube Pen 2-Pack,Plano,6.18,0.072295922
YouTube Pen 2-Pack,Morgantown,6.18,0.072295922
YouTube Pen 2-Pack,Taylorsville,6.18,0.072295922
Google Mini Kick Ball,Mayfield,6.17,0.072178938
Maze Pen,Fremont,6.14,0.071827987
Android Iconic Pen,New York,5.42,0.063405161
Google Confetti Pen White,New York,5.42,0.063405161
Google Confetti Pen White,Chester,5.42,0.063405161
Google Pen Citron,Loganville,5.42,0.063405161
Google Pen Grass Green,Loganville,5.42,0.063405161
Google Pen Grey,Garden Grove,5.42,0.063405161
Google Pen Lilac,New York,5.42,0.063405161
Google Pen Navy,Blacksburg,5.42,0.063405161
Google Pen White,Forest Park,5.42,0.063405161
Google Pen White,Loganville,5.42,0.063405161
Google Pen White,Waco,5.42,0.063405161
Google Sunglasses,Burlingame,5.42,0.063405161
Google Sunglasses,Riverside,5.42,0.063405161
Google Sunglasses,Santa Clarita,5.42,0.063405161
Google Sunglasses,Walnut Creek,5.42,0.063405161
Google Sunglasses,West Hollywood,5.42,0.063405161
Google Sunglasses,Bolingbrook,5.42,0.063405161
Google Sunglasses,El Paso,5.42,0.063405161
Google Sunglasses,Virginia Beach,5.42,0.063405161
Google Sunglasses,Boothbay Harbor,5.42,0.063405161
Stainless Bent Straw/Cleaner,Anaheim,5.42,0.063405161
Stainless Straight Straw/Cleaner,Anaheim,5.42,0.063405161
Google Blue YoYo,Santa Clara,4.96,0.058023911
Android Iconic 4&quot; Decal,Los Angeles,4.65,0.054397417
Android Large Removable Sticker Sheet,Sand Springs,4.65,0.054397417
Google Laptop and Cell Phone Stickers,(not set),4.65,0.054397417
Google Laptop and Cell Phone Stickers,Fremont,4.65,0.054397417
Google Laptop and Cell Phone Stickers,Los Banos,4.65,0.054397417
Google Laptop and Cell Phone Stickers,Stockton,4.65,0.054397417
Google Laptop and Cell Phone Stickers,Greeley,4.65,0.054397417
Google Laptop and Cell Phone Stickers,Cumming,4.65,0.054397417
Google Laptop and Cell Phone Stickers,Shreveport,4.65,0.054397417
Google Laptop and Cell Phone Stickers,Germantown,4.65,0.054397417
Google Laptop and Cell Phone Stickers,Potomac,4.65,0.054397417
Google Laptop and Cell Phone Stickers,Jersey City,4.65,0.054397417
Google Laptop and Cell Phone Stickers,Sand Springs,4.65,0.054397417
Google Laptop and Cell Phone Stickers,Dallas,4.65,0.054397417
Google Laptop and Cell Phone Stickers,Pflugerville,4.65,0.054397417
Google Laptop and Cell Phone Stickers,Westmere,4.65,0.054397417
Google Light Pen Yellow,Fullerton,4.65,0.054397417
Google Light Pen Yellow,Greeley,4.65,0.054397417
Google Light Pen Yellow,Cumming,4.65,0.054397417
Google Light Pen Yellow,Chester,4.65,0.054397417
YouTube Small Sticker Sheet,(not set),4.65,0.054397417
YouTube Small Sticker Sheet,Tucson,4.65,0.054397417
YouTube Small Sticker Sheet,Fullerton,4.65,0.054397417
YouTube Small Sticker Sheet,Maryland Heights,4.65,0.054397417
Android SM S/F18 Sticker Sheet,Rohnert Park,4.63,0.05416345
Android Small Removable Sticker Sheet,Burnaby,4.63,0.05416345
Android Small Removable Sticker Sheet,Rohnert Park,4.63,0.05416345
Android Small Removable Sticker Sheet,Stevensville,4.63,0.05416345
Android Small Removable Sticker Sheet,New York,4.63,0.05416345
Google Doodle Decal,Burbank,4.63,0.05416345
Google Laptop and Cell Phone Stickers,Chihuahua,4.63,0.05416345
Google Laptop and Cell Phone Stickers,Tucson,4.63,0.05416345
Google Laptop and Cell Phone Stickers,Brea,4.63,0.05416345
Google Laptop and Cell Phone Stickers,Burbank,4.63,0.05416345
Google Laptop and Cell Phone Stickers,San Jose,4.63,0.05416345
Google Laptop and Cell Phone Stickers,Oswego,4.63,0.05416345
Google Laptop and Cell Phone Stickers,Arlington,4.63,0.05416345
Google Laptop and Cell Phone Stickers,Parkville,4.63,0.05416345
Google Laptop and Cell Phone Stickers,Rockville,4.63,0.05416345
Google Laptop and Cell Phone Stickers,Novi,4.63,0.05416345
Google Laptop and Cell Phone Stickers,Sikeston,4.63,0.05416345
Google Laptop and Cell Phone Stickers,Omaha,4.63,0.05416345
Google Laptop and Cell Phone Stickers,New Rochelle,4.63,0.05416345
Google Laptop and Cell Phone Stickers,Goose Creek,4.63,0.05416345
Google Light Pen Green,Vernon,4.63,0.05416345
Google Light Pen Green,Macomb,4.63,0.05416345
Google Light Pen Green,Oxford,4.63,0.05416345
Google Light Pen Green,Georgetown,4.63,0.05416345
Google Light Pen Red,Burlingame,4.63,0.05416345
Google Light Pen Red,Hallandale Beach,4.63,0.05416345
Google Light Pen Yellow,San Jose,4.63,0.05416345
Google Light Pen Yellow,Vernon,4.63,0.05416345
Google Light Pen Yellow,Hallandale Beach,4.63,0.05416345
Google Light Pen Yellow,Glenside,4.63,0.05416345
Google Light Pen Yellow,Fenton Township,4.63,0.05416345
Google Small Cable Organizer Blue,Bengaluru,4.63,0.05416345
Google Small Cable Organizer Blue,Mayfield,4.63,0.05416345
YouTube Small Sticker Sheet,Karachi,4.63,0.05416345
YouTube Small Sticker Sheet,Burbank,4.63,0.05416345
YouTube Small Sticker Sheet,Shawnee,4.63,0.05416345
YouTube Small Sticker Sheet,Rockville,4.63,0.05416345
YouTube Small Sticker Sheet,Charlotte,4.63,0.05416345
YouTube Small Sticker Sheet,Roselle Park,4.63,0.05416345
YouTube Small Sticker Sheet,Greer,4.63,0.05416345
YouTube Small Sticker Sheet,Nashville,4.63,0.05416345
YouTube Small Sticker Sheet,Morgantown,4.63,0.05416345
YouTube Small Sticker Sheet,San Juan,4.63,0.05416345
Google Pride Sticker,Newton,3.49,0.040827309
Google Mini Kick Ball,Shreveport,3.1,0.036264945
Maze Pen,Loganville,3.1,0.036264945
Maze Pen,Germantown,3.1,0.036264945
Maze Pen,Chester,3.1,0.036264945
Waze Baby on Board Window Decal,Los Altos,2.79,0.03263845
Waze Baby on Board Window Decal,Santa Clara,2.79,0.03263845
Waze Baby on Board Window Decal,Brooklyn Park,2.79,0.03263845
Google Confetti Pen White,Murrieta,2.71,0.031702581
Google Confetti Pen White,Monroe,2.71,0.031702581
Google Confetti Pen White,Roselle Park,2.71,0.031702581
Google Confetti Pen White,Portland,2.71,0.031702581
Google Pen Bright Blue,Murrieta,2.71,0.031702581
Google Pen Bright Blue,San Jose,2.71,0.031702581
Google Pen Bright Blue,Greenwich,2.71,0.031702581
Google Pen Bright Blue,Oswego,2.71,0.031702581
Google Pen Bright Blue,Potomac,2.71,0.031702581
Google Pen Bright Blue,Roselle Park,2.71,0.031702581
Google Pen Bright Blue,New York,2.71,0.031702581
Google Pen Citron,(not set),2.71,0.031702581
Google Pen Citron,Murrieta,2.71,0.031702581
Google Pen Citron,Germantown,2.71,0.031702581
Google Pen Citron,Roselle Park,2.71,0.031702581
Google Pen Citron,New York,2.71,0.031702581
Google Pen Citron,Mansfield,2.71,0.031702581
Google Pen Citron,Pflugerville,2.71,0.031702581
Google Pen Grass Green,Murrieta,2.71,0.031702581
Google Pen Grass Green,Germantown,2.71,0.031702581
Google Pen Grass Green,Potomac,2.71,0.031702581
Google Pen Grass Green,Roselle Park,2.71,0.031702581
Google Pen Grass Green,New York,2.71,0.031702581
Google Pen Grass Green,Mansfield,2.71,0.031702581
Google Pen Grass Green,Pflugerville,2.71,0.031702581
Google Pen Grey,Hawthorne,2.71,0.031702581
Google Pen Grey,Los Angeles,2.71,0.031702581
Google Pen Grey,Murrieta,2.71,0.031702581
Google Pen Grey,Chicago,2.71,0.031702581
Google Pen Grey,Germantown,2.71,0.031702581
Google Pen Grey,Roselle Park,2.71,0.031702581
Google Pen Grey,Mansfield,2.71,0.031702581
Google Pen Grey,Hoover,2.71,0.031702581
Google Pen Lilac,Murrieta,2.71,0.031702581
Google Pen Lilac,San Jose,2.71,0.031702581
Google Pen Lilac,Oswego,2.71,0.031702581
Google Pen Lilac,Roselle Park,2.71,0.031702581
Google Pen Navy,(not set),2.71,0.031702581
Google Pen Navy,Los Banos,2.71,0.031702581
Google Pen Navy,Murrieta,2.71,0.031702581
Google Pen Navy,Roselle Park,2.71,0.031702581
Google Pen Navy,Mansfield,2.71,0.031702581
Google Pen Navy,Boothbay Harbor,2.71,0.031702581
Google Pen Neon Coral,Murrieta,2.71,0.031702581
Google Pen Neon Coral,Oswego,2.71,0.031702581
Google Pen Neon Coral,Germantown,2.71,0.031702581
Google Pen Neon Coral,Roselle Park,2.71,0.031702581
Google Pen Red,Murrieta,2.71,0.031702581
Google Pen Red,Roselle Park,2.71,0.031702581
Google Pen Red,New York,2.71,0.031702581
Google Pen Red,Rocky River,2.71,0.031702581
Google Pen Red,Houston,2.71,0.031702581
Google Pen Red,Mansfield,2.71,0.031702581
Google Pen White,Los Angeles,2.71,0.031702581
Google Pen White,San Francisco,2.71,0.031702581
Google Pen White,Greenwich,2.71,0.031702581
Google Pen White,Bolingbrook,2.71,0.031702581
Google Pen White,Chicago,2.71,0.031702581
Google Pen White,Rocky River,2.71,0.031702581
Google Pen White,Portland,2.71,0.031702581
Google Pen White,Wexford,2.71,0.031702581
Google Pen White,Mansfield,2.71,0.031702581
Google Pen White,Fenton Township,2.71,0.031702581
Google Pen White,Hoover,2.71,0.031702581
Google Pen White,Woodbridge Township,2.71,0.031702581
7in Dog Frisbee,Chicago,2.32,0.027140217
7in Dog Frisbee,Monroe,2.32,0.027140217
7in Dog Frisbee,San Juan,2.32,0.027140217
Android Iconic 4&quot; Decal,Germantown,2.32,0.027140217
Google Dog Frisbee,Louisville,2.32,0.027140217
Google Pride Sticker,Austin,2.32,0.027140217
Waze Mood Ninja Window Decal,Garland,1.86,0.021758967
Waze Mood Ninja Window Decal,Newport News,1.86,0.021758967
Waze Mood Ninja Window Decal,Brooklyn Park,1.86,0.021758967
Maze Pen,Shreveport,1.55,0.018132472
Maze Pen,Wexford,1.55,0.018132472
Maze Pen,Austin,1.55,0.018132472
Maze Pen,Westmere,1.55,0.018132472
Maze Pen,Hawthorne,1.53,0.017898505
Maze Pen,Hallandale Beach,1.53,0.017898505
Maze Pen,Georgetown,1.53,0.017898505
Waze Baby on Board Window Decal,Hawthorne,1.39,0.016260733
Waze Baby on Board Window Decal,Los Angeles,1.39,0.016260733
Waze Baby on Board Window Decal,Oak Brook,1.39,0.016260733
Waze Baby on Board Window Decal,New York,1.39,0.016260733
Google Pride Sticker,Karachi,1.16,0.013570108
Google Pride Sticker,Capitola,1.16,0.013570108
Google Pride Sticker,San Jose,1.16,0.013570108
Google Pride Sticker,Stockton,1.16,0.013570108
Waze Mood Happy Window Decal,Newport News,0.93,0.010879483
Waze Mood Original Window Decal,Burbank,0.93,0.010879483
Waze Mood Original Window Decal,Burlingame,0.93,0.010879483
Waze Mood Original Window Decal,El Paso,0.93,0.010879483
,,,
,,,
,,,
,,,
,,,
,,,
,,,
,,,
,,,
,,,
,,,
,,,
,,,
,,,
,,,
,,,
,,,
,,,
,,,
,,,
,,,
,,,
,,,
,,,
,,,
,,,
,,,
,,,
,,,
,,,
,,,
,,,
,,,
,,,
,,,
,,,
,,,
,,,
,,,
,,,
,,,
,,,
,,,
,,,
,,,
,,,
,,,
,,,
,,,
,,,
,,,
,,,
,,,
,,,
,,,
,,,
,,,
,,,
,,,
,,,
,,,
,,,
,,,
,,,
,,,
,,,
,,,
,,,
,,,
,,,
,,,
,,,
,,,
,,,
,,,
,,,
,,,
,,,
,,,
,,,
,,,
,,,
,,,
,,,
,,,
,,,
,,,
,,,
,,,
,,,
,,,
,,,
,,,
,,,
,,,
,,,
,,,
,,,
,,,
,,,
,,,
,,,
,,,
,,,
,,,
,,,
,,,
,,,
,,,
,,,
,,,
,,,
,,,
,,,
,,,
,,,
,,,
,,,
,,,
,,,
,,,
,,,
,,,
,,,
,,,
,,,
,,,
,,,
,,,
,,,
,,,
,,,
,,,
,,,
,,,
,,,
,,,
,,,
,,,
,,,
,,,
,,,
,,,
,,,
,,,
,,,
,,,
,,,
,,,
,,,
,,,
,,,
,,,
,,,
,,,
,,,
,,,
,,,
,,,
,,,
,,,
,,,
,,,
,,,
,,,
,,,
,,,
,,,
,,,
,,,
,,,
,,,
,,,
,,,
,,,
,,,
,,,
,,,
,,,
,,,
,,,
,,,
,,,
,,,
,,,
,,,
,,,
,,,
,,,
,,,
,,,
,,,
,,,
,,,
,,,
,,,
,,,
,,,
,,,
,,,
,,,
,,,
,,,
,,,
,,,
,,,
,,,
,,,
,,,
,,,
,,,
,,,
,,,
,,,
,,,
,,,
,,,
,,,
,,,
,,,
,,,
,,,
,,,
,,,
,,,
,,,
,,,
,,,
,,,
,,,
,,,
,,,
,,,
,,,
,,,
,,,
,,,
,,,
,,,
,,,
,,,
,,,
,,,
,,,
,,,
,,,
,,,
,,,
,,,
,,,
,,,
,,,
,,,
,,,
,,,
,,,
,,,
,,,
,,,
,,,
,,,
,,,
,,,
,,,
,,,
,,,
,,,
,,,
,,,
,,,
,,,
,,,
,,,
,,,
,,,
,,,
,,,
,,,
,,,
,,,
,,,
,,,
,,,
,,,
,,,
,,,
,,,
,,,
,,,
,,,
,,,
,,,
,,,
,,,
,,,
,,,
,,,
,,,
,,,
,,,
,,,
,,,
,,,
,,,
,,,
,,,
,,,
,,,
,,,
,,,
,,,
,,,
,,,
,,,
,,,
,,,
,,,
,,,
,,,
,,,
,,,
,,,
,,,
,,,
,,,
,,,
,,,
,,,
,,,
,,,
,,,
,,,
,,,
,,,
,,,
,,,
,,,
,,,
,,,
,,,
,,,
,,,
,,,
,,,
,,,
,,,
,,,
,,,
,,,
,,,
,,,
,,,
,,,
,,,
,,,
,,,
,,,
,,,
,,,
,,,
,,,
,,,
,,,
,,,
,,,
,,,
,,,
,,,
,,,
,,,
,,,
,,,
,,,
,,,
,,,
,,,
,,,
,,,
,,,
,,,
,,,
,,,
,,,
,,,
,,,
,,,
,,,
,,,
,,,
,,,
,,,
,,,
,,,
,,,
,,,
,,,
,,,
,,,
,,,
,,,
,,,
,,,
,,,
,,,
,,,
,,,
,,,
,,,
,,,
,,,
,,,
,,,
,,,
,,,
,,,
,,,
,,,
,,,
,,,
,,,
,,,
,,,
,,,
,,,
,,,
,,,
,,,
,,,
,,,
,,,
,,,
,,,
,,,
,,,
,,,
,,,
,,,
,,,
,,,
,,,
,,,
,,,
,,,
,,,
,,,
,,,
,,,
,,,
,,,
,,,
,,,
,,,
,,,
,,,
,,,
,,,
,,,
,,,
,,,
,,,
,,,
,,,
,,,
,,,
,,,
,,,
,,,
,,,
,,,
,,,
,,,
,,,
,,,
,,,
,,,
,,,
,,,
,,,
,,,
,,,
,,,
,,,
,,,
,,,
,,,
,,,
,,,
,,,
,,,
,,,
,,,
,,,
,,,
,,,
,,,
,,,
,,,
,,,
,,,
,,,
,,,
,,,
,,,
,,,
,,,
,,,
,,,
,,,
,,,
,,,
,,,
,,,
,,,
,,,
,,,
,,,
,,,
,,,
,,,
,,,
,,,
,,,
,,,
,,,
,,,
,,,
,,,
,,,
,,,
,,,
,,,
,,,
,,,
,,,
,,,
,,,
,,,
,,,
,,,
,,,
,,,
,,,
,,,
,,,
,,,
,,,
,,,
,,,
,,,
,,,
,,,
,,,
,,,
,,,
,,,
,,,
,,,
,,,
,,,
,,,
,,,
,,,
,,,
,,,
,,,
,,,
,,,
,,,
,,,
,,,
,,,
,,,
,,,
,,,
,,,
,,,
,,,
,,,
,,,
,,,
,,,
,,,
,,,
,,,
,,,
,,,
,,,
,,,
,,,
,,,
,,,
,,,
,,,
,,,
,,,
,,,
,,,
,,,
,,,
,,,
,,,
,,,
,,,
,,,
,,,
,,,
,,,
,,,
,,,
,,,
,,,
,,,
,,,
,,,
,,,
,,,
,,,
,,,
,,,
,,,
,,,
,,,
,,,
,,,
,,,
,,,
,,,
,,,
,,,
,,,
,,,
,,,
,,,
,,,
,,,
,,,
,,,
,,,
,,,
,,,
,,,
,,,
,,,
,,,
,,,
,,,
,,,
,,,
,,,
,,,
,,,
,,,
,,,
,,,
,,,
,,,
,,,
,,,
,,,
,,,
,,,
,,,
,,,
,,,
,,,
,,,
,,,
,,,
,,,
,,,
,,,
,,,
,,,
,,,
,,,
,,,
,,,
,,,
,,,
,,,
,,,
,,,
,,,
,,,
,,,
,,,
,,,
,,,
,,,
,,,
,,,
,,,
,,,
,,,
,,,
,,,
,,,
,,,
,,,
,,,
,,,
,,,
,,,
,,,
,,,
,,,
,,,
,,,
,,,
,,,
,,,
,,,
,,,
,,,
,,,
,,,
,,,
,,,
,,,
,,,
,,,
,,,
,,,
,,,
,,,
,,,
,,,
,,,
,,,
,,,
,,,
,,,
,,,
,,,
,,,
,,,
,,,
,,,
,,,
,,,
,,,
,,,
,,,
,,,
,,,
,,,
,,,
,,,
,,,
,,,
,,,
,,,
,,,
,,,
,,,
,,,
,,,
,,,
,,,
,,,
,,,
,,,
,,,
,,,
,,,
,,,
,,,
,,,
,,,
,,,
,,,
,,,
,,,
,,,
,,,
,,,
,,,
,,,
,,,
,,,
,,,
,,,
,,,
,,,
,,,
,,,
,,,
,,,
,,,
,,,
,,,
,,,
,,,
,,,
,,,
,,,
,,,
,,,
,,,
,,,
,,,
,,,
,,,
,,,
,,,
,,,
,,,
,,,
,,,
,,,
,,,
,,,
,,,
,,,
,,,
,,,
,,,
,,,
,,,
,,,
,,,
,,,
,,,
,,,
,,,
,,,
,,,
,,,
,,,
,,,
,,,
,,,
,,,
,,,
,,,
,,,
,,,
,,,
,,,
,,,
,,,
,,,
,,,
,,,
,,,
,,,
,,,
,,,
,,,
,,,
,,,
,,,
,,,
,,,
,,,
,,,
,,,
,,,
,,,
,,,
,,,
,,,
,,,
,,,
,,,
,,,
,,,
,,,
,,,
,,,
,,,
,,,
,,,
,,,
,,,
,,,
,,,
,,,
,,,
,,,
,,,
,,,
,,,
,,,
,,,
,,,
,,,
,,,
,,,
,,,
,,,
,,,
,,,
,,,
,,,
,,,
,,,
,,,
,,,
,,,
,,,
,,,
,,,
,,,
,,,
,,,
,,,
,,,
,,,
,,,
,,,
,,,
,,,
,,,
,,,
,,,
,,,
,,,
,,,
,,,
,,,
,,,
,,,
,,,
,,,
,,,
,,,
,,,
,,,
,,,
,,,
,,,
,,,
,,,
,,,
,,,
,,,
,,,
,,,
,,,
,,,
,,,
,,,
,,,
,,,
,,,
,,,
,,,
,,,
,,,
,,,
,,,
,,,
,,,
,,,
,,,
,,,
,,,
,,,
,,,
,,,
,,,
,,,
,,,
,,,
,,,
,,,
,,,
,,,
,,,
,,,
,,,
,,,
,,,
,,,
,,,
,,,
,,,
,,,
,,,
,,,
,,,
,,,
,,,
,,,
,,,
,,,
,,,
,,,
,,,
,,,
,,,
,,,
,,,
,,,
,,,
,,,
,,,
,,,
,,,
,,,
,,,
,,,
,,,
,,,
,,,
,,,
,,,
,,,
,,,
,,,
,,,
,,,
,,,
,,,
,,,
,,,
,,,
,,,
,,,
,,,
,,,
,,,
,,,
,,,
,,,
,,,
,,,
,,,
,,,
,,,
,,,
,,,
,,,
,,,
,,,
,,,
,,,
,,,
,,,
,,,
,,,
,,,
,,,
,,,
,,,
,,,
,,,
,,,
,,,
,,,
,,,
,,,
,,,
,,,
,,,
,,,
,,,
,,,
,,,
,,,
,,,
,,,
,,,
,,,
,,,
,,,
,,,
,,,
,,,
,,,
,,,
,,,
,,,
,,,
,,,
,,,
,,,
,,,
,,,
,,,
,,,
,,,
,,,
,,,
,,,
,,,
,,,
,,,
,,,
,,,
,,,
,,,
,,,
,,,
,,,
,,,
,,,
,,,
,,,
,,,
,,,
,,,
,,,
,,,
,,,
,,,
,,,
,,,
,,,
,,,
,,,
,,,
,,,
,,,
,,,
,,,
,,,
,,,
,,,
,,,
,,,
,,,
,,,
,,,
,,,
,,,
,,,
,,,
,,,
,,,
,,,
,,,
,,,
,,,
,,,
,,,
,,,
,,,
,,,
,,,
,,,
,,,
,,,
,,,
,,,
,,,
,,,
,,,
,,,
,,,
,,,
,,,
,,,
,,,
,,,
,,,
,,,
,,,
,,,
,,,
,,,
,,,
,,,
,,,
,,,
,,,
,,,
,,,
,,,
,,,
,,,
,,,
,,,
,,,
,,,
,,,
,,,
,,,
,,,
,,,
,,,
,,,
,,,
,,,
,,,
,,,
,,,
,,,
,,,
,,,
,,,
,,,
,,,
,,,
,,,
,,,
,,,
,,,
,,,
,,,
,,,
,,,
,,,
,,,
,,,
,,,
,,,
,,,
,,,
,,,
,,,
,,,
,,,
,,,
,,,
,,,
,,,
,,,
,,,
,,,
,,,
,,,
,,,
,,,
,,,
,,,
,,,
,,,
,,,
,,,
,,,
,,,
,,,
,,,
,,,
,,,
,,,
,,,
,,,
,,,
,,,
,,,
,,,
,,,
,,,
,,,
,,,
,,,
,,,
,,,
,,,
,,,
,,,
,,,
,,,
,,,
,,,
,,,
,,,
,,,
,,,
,,,
,,,
,,,
,,,
,,,
,,,
,,,
,,,
,,,
,,,
,,,
,,,
,,,
,,,
,,,
,,,
,,,
,,,
,,,
,,,
,,,
,,,
,,,
,,,
,,,
,,,
,,,
,,,
,,,
,,,
,,,
,,,
,,,
,,,
,,,
,,,
,,,
,,,
,,,
,,,
,,,
,,,
,,,
,,,
,,,
,,,
,,,
,,,
,,,
,,,
,,,
,,,
,,,
,,,
,,,
,,,
,,,
,,,
,,,
,,,
,,,
,,,
,,,
,,,
,,,
,,,
,,,
,,,
,,,
,,,
,,,
,,,
,,,
,,,
,,,
,,,
,,,
,,,
,,,
,,,
,,,
,,,
,,,
,,,
,,,
,,,
,,,
,,,
,,,
,,,
,,,
,,,
,,,
,,,
,,,
,,,
,,,
,,,
,,,
,,,
,,,
,,,
,,,
,,,
,,,
,,,
,,,
,,,
,,,
,,,
,,,
,,,
,,,
,,,
,,,
,,,
,,,
,,,
,,,
,,,
,,,
,,,
,,,
,,,
,,,
,,,
,,,
,,,
,,,
,,,
,,,
,,,
,,,
,,,
,,,
,,,
,,,
,,,
,,,
,,,
,,,
,,,
,,,
,,,
,,,
,,,
,,,
,,,
,,,
,,,
,,,
,,,
,,,
,,,
,,,
,,,
,,,
,,,
,,,
,,,
,,,
,,,
,,,
,,,
,,,
,,,
,,,
,,,
,,,
,,,
,,,
,,,
,,,
,,,
,,,
,,,
,,,
,,,
,,,
,,,
,,,
,,,
,,,
,,,
,,,
,,,
,,,
,,,
,,,
,,,
,,,
,,,
,,,
,,,
,,,
,,,
,,,
,,,
,,,
,,,
,,,
,,,
,,,
,,,
,,,
,,,
,,,
,,,
,,,
,,,
,,,
,,,
,,,
,,,
,,,
,,,
,,,
,,,
,,,
,,,
,,,
,,,
,,,
,,,
,,,
,,,
,,,
,,,
,,,
,,,
,,,
,,,
,,,
,,,
,,,
,,,
,,,
,,,
,,,
,,,
,,,
,,,
,,,
,,,
,,,
,,,
,,,
,,,
,,,
,,,
,,,
,,,
,,,
,,,
,,,
,,,
,,,
,,,
,,,
,,,
,,,
,,,
,,,
,,,
,,,
,,,
,,,
,,,
,,,
,,,
,,,
,,,
,,,
,,,
,,,
,,,
,,,
,,,
,,,
,,,
,,,
,,,
,,,
,,,
,,,
,,,
,,,
,,,
,,,
,,,
,,,
,,,
,,,
,,,
,,,
,,,
,,,
,,,
,,,
,,,
,,,
,,,
,,,
,,,
,,,
,,,
,,,
,,,
,,,
,,,
,,,
,,,
,,,
,,,
,,,
,,,
,,,
,,,
,,,
,,,
,,,
,,,
,,,
,,,
,,,
,,,
,,,
,,,
,,,
,,,
,,,
,,,
,,,
,,,
,,,
,,,
,,,
,,,
,,,
,,,
,,,
,,,
,,,
,,,
,,,
,,,
,,,
,,,
,,,
,,,
,,,
,,,
,,,
,,,
,,,
,,,
,,,
,,,
,,,
,,,
,,,
,,,
,,,
,,,
,,,
,,,
,,,
,,,
,,,
,,,
,,,
,,,
,,,
,,,
,,,
,,,
,,,
,,,
,,,
,,,
,,,
,,,
,,,
,,,
,,,
,,,
,,,
,,,
,,,
,,,
,,,
,,,
,,,
,,,
,,,
,,,
,,,
,,,
,,,
,,,
,,,
,,,
,,,
,,,
,,,
,,,
,,,
,,,
,,,
,,,
,,,
,,,
,,,
,,,
,,,
,,,
,,,
,,,
,,,
,,,
,,,
,,,
,,,
,,,
,,,
,,,
,,,
,,,
,,,
,,,
,,,
,,,
,,,
,,,
,,,
,,,
,,,
,,,
,,,
,,,
,,,
,,,
,,,
,,,
,,,
,,,
,,,
,,,
,,,
,,,
,,,
,,,
,,,
,,,
,,,
,,,
,,,
,,,
,,,
,,,
,,,
,,,
,,,
,,,
,,,
,,,
,,,
,,,
,,,
,,,
,,,
,,,
,,,
,,,
,,,
,,,
,,,
,,,
,,,
,,,
,,,
,,,
,,,
,,,
,,,
,,,
,,,
,,,
,,,
,,,
,,,
,,,
,,,
,,,
,,,
,,,
,,,
,,,
,,,
,,,
,,,
,,,
,,,
,,,
,,,
,,,
,,,
,,,
,,,
,,,
,,,
,,,
,,,
,,,
,,,
,,,
,,,
,,,
,,,
,,,
,,,
,,,
,,,
,,,
,,,
,,,
,,,
,,,
,,,
,,,
,,,
,,,
,,,
,,,
,,,
,,,
,,,
,,,
,,,
,,,
,,,
,,,
,,,
,,,
,,,
,,,
,,,
,,,
,,,
,,,
,,,
,,,
,,,
,,,
,,,
,,,
,,,
,,,
,,,
,,,
,,,
,,,
,,,
,,,
,,,
,,,
,,,
,,,
,,,
,,,
,,,
,,,
,,,
,,,
,,,
,,,
,,,
,,,
,,,
,,,
,,,
,,,
,,,
,,,
,,,
,,,
,,,
,,,
,,,
,,,
,,,
,,,
,,,
,,,
,,,
,,,
,,,
,,,
,,,
,,,
,,,
,,,
,,,
,,,
,,,
,,,
,,,
,,,
,,,
,,,
,,,
,,,
,,,
,,,
,,,
,,,
,,,
,,,
,,,
,,,
,,,
,,,
,,,
,,,
,,,
,,,
,,,
,,,
,,,
,,,
,,,
,,,
,,,
,,,
,,,
,,,
,,,
,,,
,,,
,,,
,,,
,,,
,,,
,,,
,,,
,,,
,,,
,,,
,,,
,,,
,,,
,,,
,,,
,,,
,,,
,,,
,,,
,,,
,,,
,,,
,,,
,,,
,,,
,,,
,,,
,,,
,,,
,,,
,,,
,,,
,,,
,,,
,,,
,,,
,,,
,,,
,,,
,,,
,,,
,,,
,,,
,,,
,,,
,,,
,,,
,,,
,,,
,,,
,,,
,,,
,,,
,,,
,,,
,,,
,,,
,,,
,,,
,,,
,,,
,,,
,,,
,,,
,,,
,,,
,,,
,,,
,,,
,,,
,,,
,,,
,,,
,,,
,,,
,,,
,,,
,,,
,,,
,,,
,,,
,,,
,,,
,,,
,,,
,,,
,,,
,,,
,,,
,,,
,,,
,,,
,,,
,,,
,,,
,,,
,,,
,,,
,,,
,,,
,,,
,,,
,,,
,,,
,,,
,,,
,,,
,,,
,,,
,,,
,,,
,,,
,,,
,,,
,,,
,,,
,,,
,,,
,,,
,,,
,,,
,,,
,,,
,,,
,,,
,,,
,,,
,,,
,,,
,,,
,,,
,,,
,,,
,,,
,,,
,,,
,,,
,,,
,,,
,,,
,,,
,,,
,,,
,,,
,,,
,,,
,,,
,,,
,,,
,,,
,,,
,,,
,,,
,,,
,,,
,,,
,,,
,,,
,,,
,,,
,,,
,,,
,,,
,,,
,,,
,,,
,,,
,,,
,,,
,,,
,,,
,,,
,,,
,,,
,,,
,,,
,,,
,,,
,,,
,,,
,,,
,,,
,,,
,,,
,,,
,,,
,,,
,,,
,,,
,,,
,,,
,,,
,,,
,,,
,,,
,,,
,,,
,,,
,,,
,,,
,,,
,,,
,,,
,,,
,,,
,,,
,,,
,,,
,,,
,,,
,,,
,,,
,,,
,,,
,,,
,,,
,,,
,,,
,,,
,,,
,,,
,,,
,,,
,,,
,,,
,,,
,,,
,,,
,,,
,,,
,,,
,,,
,,,
,,,
,,,
,,,
,,,
,,,
,,,
,,,
,,,
,,,
,,,
,,,
,,,
,,,
,,,
,,,
,,,
,,,
,,,
,,,
,,,
,,,
,,,
,,,
,,,
,,,
,,,
,,,
,,,
,,,
,,,
,,,
,,,
,,,
,,,
,,,
,,,
,,,
,,,
,,,
,,,
,,,
,,,
,,,
,,,
,,,
,,,
,,,
,,,
,,,
,,,
,,,
,,,
,,,
,,,
,,,
,,,
,,,
,,,
,,,
,,,
,,,
,,,
,,,
,,,
,,,
,,,
,,,
,,,
,,,
,,,
,,,
,,,
,,,
,,,
,,,
,,,
,,,
,,,
,,,
,,,
,,,
,,,
,,,
,,,
,,,
,,,
,,,
,,,
,,,
,,,
,,,
,,,
,,,
,,,
,,,
,,,
,,,
,,,
,,,
,,,
,,,
,,,
,,,
,,,
,,,
,,,
,,,
,,,
,,,
,,,
,,,
,,,
,,,
,,,
,,,
,,,
,,,
,,,
,,,
,,,
,,,
,,,
,,,
,,,
,,,
,,,
,,,
,,,
,,,
,,,
,,,
,,,
,,,
,,,
,,,
,,,
,,,
,,,
,,,
,,,
,,,
,,,
,,,
,,,
,,,
,,,
,,,
,,,
,,,
,,,
,,,
,,,
,,,
,,,
,,,
,,,
,,,
,,,
,,,
,,,
,,,
,,,
,,,
,,,
,,,
,,,
,,,
,,,
,,,
,,,
,,,
,,,
,,,
,,,
,,,
,,,
,,,
,,,
,,,
,,,
,,,
,,,
,,,
,,,
,,,
,,,
,,,
,,,
,,,
,,,
,,,
,,,
,,,
,,,
,,,
,,,
,,,
,,,
,,,
,,,
,,,
,,,
,,,
,,,
,,,
,,,
,,,
,,,
,,,
,,,
,,,
,,,
,,,
,,,
,,,
,,,
,,,
,,,
,,,
,,,
,,,
,,,
,,,
,,,
,,,
,,,
,,,
,,,
,,,
,,,
,,,
,,,
,,,
,,,
,,,
,,,
,,,
,,,
,,,
,,,
,,,
,,,
,,,
,,,
,,,
,,,
,,,
,,,
,,,
,,,
,,,
,,,
,,,
,,,
,,,
,,,
,,,
,,,
,,,
,,,
,,,
,,,
,,,
,,,
,,,
,,,
,,,
,,,
,,,
,,,
,,,
,,,
,,,
,,,
,,,
,,,
,,,
,,,
,,,
,,,
,,,
,,,
,,,
,,,
,,,
,,,
,,,
,,,
,,,
,,,
,,,
,,,
,,,
,,,
,,,
,,,
,,,
,,,
,,,
,,,
,,,
,,,
,,,
,,,
,,,
,,,
,,,
,,,
,,,
,,,
,,,
,,,
,,,
,,,
,,,
,,,
,,,
,,,
,,,
,,,
,,,
,,,
,,,
,,,
,,,
,,,
,,,
,,,
,,,
,,,
,,,
,,,
,,,
,,,
,,,
,,,
,,,
,,,
,,,
,,,
,,,
,,,
,,,
,,,
,,,
,,,
,,,
,,,
,,,
,,,
,,,
,,,
,,,
,,,
,,,
,,,
,,,
,,,
,,,
,,,
,,,
,,,
,,,
,,,
,,,
,,,
,,,
,,,
,,,
,,,
,,,
,,,
,,,
,,,
,,,
,,,
,,,
,,,
,,,
,,,
,,,
,,,
,,,
,,,
,,,
,,,
,,,
,,,
,,,
,,,
,,,
,,,
,,,
,,,
,,,
,,,
,,,
,,,
,,,
,,,
,,,
,,,
,,,
,,,
,,,
,,,
,,,
,,,
,,,
,,,
,,,
,,,
,,,
,,,
,,,
,,,
,,,
,,,
,,,
,,,
,,,
,,,
,,,
,,,
,,,
,,,
,,,
,,,
,,,
,,,
,,,
,,,
,,,
,,,
,,,
,,,
,,,
,,,
,,,
,,,
,,,
,,,
,,,
,,,
,,,
,,,
,,,
,,,
,,,
,,,
,,,
,,,
,,,
,,,
,,,
,,,
,,,
,,,
,,,
,,,
,,,
,,,
,,,
,,,
,,,
,,,
,,,
,,,
,,,
,,,
,,,
,,,
,,,
,,,
,,,
,,,
,,,
,,,
,,,
,,,
,,,
,,,
,,,
,,,
,,,
,,,
,,,
,,,
,,,
,,,
,,,
,,,
,,,
,,,
,,,
,,,
,,,
,,,
,,,
,,,
,,,
,,,
,,,
,,,
,,,
,,,
,,,
,,,
,,,
,,,
,,,
,,,
,,,
,,,
,,,
,,,
,,,
,,,
,,,
,,,
,,,
,,,
,,,
,,,
,,,
,,,
,,,
,,,
,,,
,,,
,,,
,,,
,,,
,,,
,,,
,,,
,,,
,,,
,,,
,,,
,,,
,,,
,,,
,,,
,,,
,,,
,,,
,,,
,,,
,,,
,,,
,,,
,,,
,,,
,,,
,,,
,,,
,,,
,,,
,,,
,,,
,,,
,,,
,,,
,,,
,,,
,,,
,,,
,,,
,,,
,,,
,,,
,,,
,,,
,,,
,,,
,,,
,,,
,,,
,,,
,,,
,,,
,,,
,,,
,,,
,,,
,,,
,,,
,,,
,,,
,,,
,,,
,,,
,,,
,,,
,,,
,,,
,,,
,,,
,,,
,,,
,,,
,,,
,,,
,,,
,,,
,,,
,,,
,,,
,,,
,,,
,,,
,,,
,,,
,,,
,,,
,,,
,,,
,,,
,,,
,,,
,,,
,,,
,,,
,,,
,,,
,,,
,,,
,,,
,,,
,,,
,,,
,,,
,,,
,,,
,,,
,,,
,,,
,,,
,,,
,,,
,,,
,,,
,,,
,,,
,,,
,,,
,,,
,,,
,,,
,,,
,,,
,,,
,,,
,,,
,,,
,,,
,,,
,,,
,,,
,,,
,,,
,,,
,,,
,,,
,,,
,,,
,,,
,,,
,,,
,,,
,,,
,,,
,,,
,,,
,,,
,,,
,,,
,,,
,,,
,,,
,,,
,,,
,,,
,,,
,,,
,,,
,,,
,,,
,,,
,,,
,,,
,,,
,,,
,,,
,,,
,,,
,,,
,,,
,,,
,,,
,,,
,,,
,,,
,,,
,,,
,,,
,,,
,,,
,,,
,,,
,,,
,,,
,,,
,,,
,,,
,,,
,,,
,,,
,,,
,,,
,,,
,,,
,,,
,,,
,,,
,,,
,,,
,,,
,,,
,,,
,,,
,,,
,,,
,,,
,,,
,,,
,,,
,,,
,,,
,,,
,,,
,,,
,,,
,,,
,,,
,,,
,,,
,,,
,,,
,,,
,,,
,,,
,,,
,,,
,,,
,,,
,,,
,,,
,,,
,,,
,,,
,,,
,,,
,,,
,,,
,,,
,,,
,,,
,,,
,,,
,,,
,,,
,,,
,,,
,,,
,,,
,,,
,,,
,,,
,,,
,,,
,,,
,,,
,,,
,,,
,,,
,,,
,,,
,,,
,,,
,,,
,,,
,,,
,,,
,,,
,,,
,,,
,,,
,,,
,,,
,,,
,,,
,,,
,,,
,,,
,,,
,,,
,,,
,,,
,,,
,,,
,,,
,,,
,,,
,,,
,,,
,,,
,,,
,,,
,,,
,,,
,,,
,,,
,,,
,,,
,,,
,,,
,,,
,,,
,,,
,,,
,,,
,,,
,,,
,,,
,,,
,,,
,,,
,,,
,,,
,,,
,,,
,,,
,,,
,,,
,,,
,,,
,,,
,,,
,,,
,,,
,,,
,,,
,,,
,,,
,,,
,,,
,,,
,,,
,,,
,,,
,,,
,,,
,,,
,,,
,,,
,,,
,,,
,,,
,,,
,,,
,,,
,,,
,,,
,,,
,,,
,,,
,,,
,,,
,,,
,,,
,,,
,,,
,,,
,,,
,,,
,,,
,,,
,,,
,,,
,,,
,,,
,,,
,,,
,,,
,,,
,,,
,,,
,,,
,,,
,,,
,,,
,,,
,,,
,,,
,,,
,,,
,,,
,,,
,,,
,,,
,,,
,,,
,,,
,,,
,,,
,,,
,,,
,,,
,,,
,,,
,,,
,,,
,,,
,,,
,,,
,,,
,,,
,,,
,,,
,,,
,,,
,,,
,,,
,,,
,,,
,,,
,,,
,,,
,,,
,,,
,,,
,,,
,,,
,,,
,,,
,,,
,,,
,,,
,,,
,,,
,,,
,,,
,,,
,,,
,,,
,,,
,,,
,,,
,,,
,,,
,,,
,,,
,,,
,,,
,,,
,,,
,,,
,,,
,,,
,,,
,,,
,,,
,,,
,,,
,,,
,,,
,,,
,,,
,,,
,,,
,,,
,,,
,,,
,,,
,,,
,,,
,,,
,,,
,,,
,,,
,,,
,,,
,,,
,,,
,,,
,,,
,,,
,,,
,,,
,,,
,,,
,,,
,,,
,,,
,,,
,,,
,,,
,,,
,,,
,,,
,,,
,,,
,,,
,,,
,,,
,,,
,,,
,,,
,,,
,,,
,,,
,,,
,,,
,,,
,,,
,,,
,,,
,,,
,,,
,,,
,,,
,,,
,,,
,,,
,,,
,,,
,,,
,,,
,,,
,,,
,,,
,,,
,,,
,,,
,,,
,,,
,,,
,,,
,,,
,,,
,,,
,,,
,,,
,,,
,,,
,,,
,,,
,,,
,,,
,,,
,,,
,,,
,,,
,,,
,,,
,,,
,,,
,,,
,,,
,,,
,,,
,,,
,,,
,,,
,,,
,,,
,,,
,,,
,,,
,,,
,,,
,,,
,,,
,,,
,,,
,,,
,,,
,,,
,,,
,,,
,,,
,,,
,,,
,,,
,,,
,,,
,,,
,,,
,,,
,,,
,,,
,,,
,,,
,,,
,,,
,,,
,,,
,,,
,,,
,,,
,,,
,,,
,,,
,,,
,,,
,,,
,,,
,,,
,,,
,,,
,,,
,,,
,,,
,,,
,,,
,,,
,,,
,,,
,,,
,,,
,,,
,,,
,,,
,,,
,,,
,,,
,,,
,,,
,,,
,,,
,,,
,,,
,,,
,,,
,,,
,,,
,,,
,,,
,,,
,,,
,,,
,,,
,,,
,,,
,,,
,,,
,,,
,,,
,,,
,,,
,,,
,,,
,,,
,,,
,,,
,,,
,,,
,,,
,,,
,,,
,,,
,,,
,,,
,,,
,,,
,,,
,,,
,,,
,,,
,,,
,,,
,,,
,,,
,,,
,,,
,,,
,,,
,,,
,,,
,,,
,,,
,,,
,,,
,,,
,,,
,,,
,,,
,,,
,,,
,,,
,,,
,,,
,,,
,,,
,,,
,,,
,,,
,,,
,,,
,,,
,,,
,,,
,,,
,,,
,,,
,,,
,,,
,,,
,,,
,,,
,,,
,,,
,,,
,,,
,,,
,,,
,,,
,,,
,,,
,,,
,,,
,,,
,,,
,,,
,,,
,,,
,,,
,,,
,,,
,,,
,,,
,,,
,,,
,,,
,,,
,,,
,,,
,,,
,,,
,,,
,,,
,,,
,,,
,,,
,,,
,,,
,,,
,,,
,,,
,,,
,,,
,,,
,,,
,,,
,,,
,,,
,,,
,,,
,,,
,,,
,,,
,,,
,,,
,,,
,,,
,,,
,,,
,,,
,,,
,,,
,,,
,,,
,,,
,,,
,,,
,,,
,,,
,,,
,,,
,,,
,,,
,,,
,,,
,,,
,,,
,,,
,,,
,,,
,,,
,,,
,,,
,,,
,,,
,,,
,,,
,,,
,,,
,,,
,,,
,,,
,,,
,,,
,,,
,,,
,,,
,,,
,,,
,,,
,,,
,,,
,,,
,,,
,,,
,,,
,,,
,,,
,,,
,,,
,,,
,,,
,,,
,,,
,,,
,,,
,,,
,,,
,,,
,,,
,,,
,,,
,,,
,,,
,,,
,,,
,,,
,,,
,,,
,,,
,,,
,,,
,,,
,,,
,,,
,,,
,,,
,,,
,,,
,,,
,,,
,,,
,,,
,,,
,,,
,,,
,,,
,,,
,,,
,,,
,,,
,,,
,,,
,,,
,,,
,,,
,,,
,,,
,,,
,,,
,,,
,,,
,,,
,,,
,,,
,,,
,,,
,,,
,,,
,,,
,,,
,,,
,,,
,,,
,,,
,,,
,,,
,,,
,,,
,,,
,,,
,,,
,,,
,,,
,,,
,,,
,,,
,,,
,,,
,,,
,,,
,,,
,,,
,,,
,,,
,,,
,,,
,,,
,,,
,,,
,,,
,,,
,,,
,,,
,,,
,,,
,,,
,,,
,,,
,,,
,,,
,,,
,,,
,,,
,,,
,,,
,,,
,,,
,,,
,,,
,,,
,,,
,,,
,,,
,,,
,,,
,,,
,,,
,,,
,,,
,,,
,,,
,,,
,,,
,,,
,,,
,,,
,,,
,,,
,,,
,,,
,,,
,,,
,,,
,,,
,,,
,,,
,,,
,,,
,,,
,,,
,,,
,,,
,,,
,,,
,,,
,,,
,,,
,,,
,,,
,,,
,,,
,,,
,,,
,,,
,,,
,,,
,,,
,,,
,,,
,,,
,,,
,,,
,,,
,,,
,,,
,,,
,,,
,,,
,,,
,,,
,,,
,,,
,,,
,,,
,,,
,,,
,,,
,,,
,,,
,,,
,,,
,,,
,,,
,,,
,,,
,,,
,,,
,,,
,,,
,,,
,,,
,,,
,,,
,,,
,,,
,,,
,,,
,,,
,,,
,,,
,,,
,,,
,,,
,,,
,,,
,,,
,,,
,,,
,,,
,,,
,,,
,,,
,,,
,,,
,,,
,,,
,,,
,,,
,,,
,,,
,,,
,,,
,,,
,,,
,,,
,,,
,,,
,,,
,,,
,,,
,,,
,,,
,,,
,,,
,,,
,,,
,,,
,,,
,,,
,,,
,,,
,,,
,,,
,,,
,,,
,,,
,,,
,,,
,,,
,,,
,,,
,,,
,,,
,,,
,,,
,,,
,,,
,,,
,,,
,,,
,,,
,,,
,,,
,,,
,,,
,,,
,,,
,,,
,,,
,,,
,,,
,,,
,,,
,,,
,,,
,,,
,,,
,,,
,,,
,,,
,,,
,,,
,,,
,,,
,,,
,,,
,,,
,,,
,,,
,,,
,,,
,,,
,,,
,,,
,,,
,,,
,,,
,,,
,,,
,,,
,,,
,,,
,,,
,,,
,,,
,,,
,,,
,,,
,,,
,,,
,,,
,,,
,,,
,,,
,,,
,,,
,,,
,,,
,,,
,,,
,,,
,,,
,,,
,,,
,,,
,,,
,,,
,,,
,,,
,,,
,,,
,,,
,,,
,,,
,,,
,,,
,,,
,,,
,,,
,,,
,,,
,,,
,,,
,,,
,,,
,,,
,,,
,,,
,,,
,,,
,,,
,,,
,,,
,,,
,,,
,,,
,,,
,,,
,,,
,,,
,,,
,,,
,,,
,,,
,,,
,,,
,,,
,,,
,,,
,,,
,,,
,,,
,,,
,,,
,,,
,,,
,,,
,,,
,,,
,,,
,,,
,,,
,,,
,,,
,,,
,,,
,,,
,,,
,,,